Workbook

Sheet B73 and Mo17
A1: Table S3. Differentially expressed genes in response to R. padi feeding in B73 and Mo17
A2: B73 0 h: No aphid treatment on B73
A3: B73 6 h: Aphid treatment on B73 for 6 h
A4: B73 24 h: Aphid treatment on B73 for 24 h
A5: Mo17 0 h: No aphid treatment on Mo17
A6: Mo17 6 h: Aphid treatment on Mo17 for 6 h
A7: Mo17 24 h: Aphid treatment on Mo17 for 24 h
A8: NA: no annotation.
A9: BD: numerator or denominator is below of detection
A10: gene | B10: GO term | C10: Description | D10: sample_1 | E10: sample_2 | F10: value_1 | G10: value_2 | H10: log2(fold_change)
A11: GRMZM2G045031 | B11: NA | C11: uncharacterized protein LOC100278663 | D11: Mo17 0 h | E11: Mo17 6 h | F11: 0.138254 | G11: 11.495 | H11: 6.37754
A12: GRMZM2G028640 | B12: NA | C12: enzyme of the cupin superfamily | D12: B73 0 h | E12: B73 24 h | F12: 0.626461 | G12: 38.7026 | H12: 5.94906
A13: GRMZM5G891371 | B13: NA | C13: subtilase family protein | D13: B73 0 h | E13: B73 24 h | F13: 0.191896 | G13: 7.97984 | H13: 5.37797
A14: GRMZM2G468111 | B14: NA | C14: uncharacterized protein LOC100277849 | D14: Mo17 0 h | E14: Mo17 6 h | F14: 1.70723 | G14: 62.0608 | H14: 5.18395
A15: AC208221.3_FG002 | B15: GO:0005576GO:0004867 | C15: NA | D15: B73 0 h | E15: B73 24 h | F15: 1.01293 | G15: 35.8602 | H15: 5.14578
A16: GRMZM2G133988 | B16: GO:0008152 | C16: 3-isopropylmalate dehydratase-like | D16: Mo17 0 h | E16: Mo17 6 h | F16: 1.19113 | G16: 41.422 | H16: 5.11999
A17: GRMZM2G474039 | B17: NA | C17: hypothetical protein SORBIDRAFT_06g030720 | D17: B73 0 h | E17: B73 6 h | F17: 0.451313 | G17: 15.3552 | H17: 5.08845
A18: GRMZM2G010044 | B18: GO:0008652GO:0016836GO:0051539 | C18: 3-isopropylmalate dehydratase | D18: Mo17 0 h | E18: Mo17 6 h | F18: 6.3386 | G18: 201.729 | H18: 4.99211
A19: GRMZM5G891371 | B19: NA | C19: subtilase family protein | D19: B73 0 h | E19: B73 6 h | F19: 0.191896 | G19: 5.83183 | H19: 4.92556
A20: GRMZM2G028640 | B20: NA | C20: enzyme of the cupin superfamily | D20: B73 0 h | E20: B73 6 h | F20: 0.626461 | G20: 12.7577 | H20: 4.348
A21: GRMZM2G117706 | B21: GO:0020037GO:0005576GO:0004601GO:0006979GO:0009055 | C21: bacterial-induced peroxidase precursor | D21: Mo17 0 h | E21: Mo17 6 h | F21: 0.404387 | G21: 8.20211 | H21: 4.34219
A22: AC208221.3_FG002 | B22: GO:0005576GO:0004867 | C22: NA | D22: B73 0 h | E22: B73 6 h | F22: 1.01293 | G22: 20.1457 | H22: 4.31387
... A466: GRMZM2G147716 | B466: GO:0003700GO:0006355GO:0005634GO:0043565 | C466: mads-domain transcription factor | D466: Mo17 0 h | E466: Mo17 6 h | F466: 0.336458 | G466: 0.932634 | H466: 1.47089
A467: GRMZM2G127336 | B467: GO:0016829GO:0000287GO:0008152 | C467: #NAME? | D467: Mo17 0 h | E467: Mo17 24 h | F467: 0.500957 | G467: 1.38585 | H467: 1.46801
A468: GRMZM2G024561 | B468: NA | C468: glucan endo- -beta-glucosidase 4 precursor | D468: B73 0 h | E468: B73 24 h | F468: 1.15962 | G468: 3.20666 | H468: 1.46742
A469: GRMZM2G478430 | B469: NA | C469: NA | D469: Mo17 0 h | E469: Mo17 6 h | F469: 0.686541 | G469: 1.8973 | H469: 1.46653
A470: GRMZM2G010321 | B470: GO:0005960GO:0006546 | C470: glycine decarboxylase complex h-protein | D470: Mo17 0 h | E470: Mo17 24 h | F470: 1.29216 | G470: 3.57035 | H470: 1.46628
A471: GRMZM2G436448 | B471: GO:0004674GO:0006468GO:0004713GO:0005524 | C471: rust resistance kinase lr10 | D471: Mo17 0 h | E471: Mo17 24 h | F471: 2.64149 | G471: 7.29302 | H471: 1.46517
A472: GRMZM2G077436 | B472: GO:0003700GO:0006355GO:0006352GO:0016987 | C472: rna polymerase sigma factor rpod-like | D472: B73 0 h | E472: B73 6 h | F472: 3.65501 | G472: 10.0908 | H472: 1.4651
A473: AC233888.1_FG001 | B473: NA | C473: NA | D473: B73 0 h | E473: B73 6 h | F473: 2.29972 | G473: 6.34071 | H473: 1.46319
A474: GRMZM2G118104 | B474: GO:0016787 | C474: pre-mrna cleavage factor 25kd | D474: Mo17 0 h | E474: Mo17 6 h | F474: 2.68239 | G474: 7.38878 | H474: 1.46182
A475: GRMZM2G167689 | B475: NA | C475: NA | D475: Mo17 0 h | E475: Mo17 6 h | F475: 2.4474 | G475: 6.72365 | H475: 1.458
A476: GRMZM2G044077 | B476: GO:0003700GO:0006355 | C476: ap2 erf domain-containing transcription factor | D476: Mo17 0 h | E476: Mo17 6 h | F476: 0.374954 | G476: 1.02996 | H476: 1.4578
A477: GRMZM2G349839 | B477: NA | C477: gda1 cd39 family expressed | D477: B73 0 h | E477: B73 6 h | F477: 2.23847 | G477: 6.1476 | H477: 1.45751
A478: GRMZM2G088819 | B478: GO:0005509 | C478: calcium-binding protein cml42 | D478: Mo17 0 h | E478: Mo17 24 h | F478: 2.07739 | G478: 5.70481 | H478: 1.4574
A479: AC203909.3_FG003 | B479: GO:0019882GO:0050660GO:0016020GO:0006955GO:0009055GO:0016491 | C479: NA | D479: Mo17 0 h | E479: Mo17 6 h | F479: 0.683655 | G479: 1.87549 | H479: 1.45593
... A893: GRMZM2G068179 | B893: NA | C893: leucine carboxyl methyltransferase | D893: B73 0 h | E893: B73 24 h | F893: 6.33415 | G893: 14.0552 | H893: 1.14988
A894: GRMZM2G137864 | B894: GO:0005840GO:0005634GO:0003677GO:0003735GO:0006355GO:0050825GO:0042309GO:0050826GO:0006412GO:0004879 | C894: 0 | D894: B73 0 h | E894: B73 24 h | F894: 331.985 | G894: 736.31 | H894: 1.14919
A895: GRMZM2G132995 | B895: GO:0015297GO:0016020GO:0006855GO:0015238 | C895: transparent testa 12 protein | D895: Mo17 0 h | E895: Mo17 6 h | F895: 0.454705 | G895: 1.00839 | H895: 1.14905
A896: GRMZM2G048194 | B896: GO:0016998 | C896: erwinia induced protein 1 | D896: Mo17 0 h | E896: Mo17 6 h | F896: 0.712826 | G896: 1.57954 | H896: 1.14788
A897: GRMZM6G449101 | B897: NA | C897: NA | D897: Mo17 0 h | E897: Mo17 24 h | F897: 2.9822 | G897: 6.60766 | H897: 1.14776
A898: GRMZM2G004060 | B898: GO:0003700GO:0043565GO:0005634GO:0045449 | C898: wrky-type transcription factor 45-2 | D898: B73 0 h | E898: B73 24 h | F898: 81.5665 | G898: 180.593 | H898: 1.1467
A899: GRMZM2G107499 | B899: NA | C899: dentin sialophospho protein | D899: Mo17 0 h | E899: Mo17 6 h | F899: 9.84885 | G899: 21.789 | H899: 1.14557
A900: GRMZM2G010034 | B900: NA | C900: protein | D900: Mo17 0 h | E900: Mo17 6 h | F900: 97.0592 | G900: 214.617 | H900: 1.14483
A901: GRMZM2G092474 | B901: NA | C901: p21 expressed | D901: Mo17 0 h | E901: Mo17 24 h | F901: 1.43307 | G901: 3.16774 | H901: 1.14435
A902: GRMZM2G092813 | B902: GO:0003824GO:0008152 | C902: acyl:coa ligase acetate-coa synthetase-like protein | D902: B73 0 h | E902: B73 6 h | F902: 6.53338 | G902: 14.4376 | H902: 1.14393
A903: GRMZM2G055507 | B903: GO:0003852GO:0009098 | C903: 2-isopropylmalate synthase b | D903: B73 0 h | E903: B73 6 h | F903: 12.7011 | G903: 28.0645 | H903: 1.14379
A904: GRMZM2G176595 | B904: GO:0005576GO:0019953 | C904: beta-expansin 1a precursor | D904: B73 0 h | E904: B73 24 h | F904: 1.67894 | G904: 3.70723 | H904: 1.14279
A905: AC194005.3_FG004 | B905: NA | C905: NA | D905: B73 0 h | E905: B73 6 h | F905: 1.13422 | G905: 2.50332 | H905: 1.14214
A906: GRMZM2G132686 | B906: GO:0007018GO:0003777GO:0005524GO:0005875 | C906: kinesin-like protein kif2a-like | D906: Mo17 0 h | E906: Mo17 24 h | F906: 0.381039 | G906: 0.840949 | H906: 1.14208
... A1661: GRMZM2G153920 | B1661: GO:0022891GO:0016021GO:0055085 | C1661: sorbitol transporter | D1661: B73 0 h | E1661: B73 24 h | F1661: 12.1009 | G1661: 5.37367 | H1661: -1.17114
A1662: GRMZM2G390967 | B1662: GO:0003824 | C1662: #NAME? | D1662: B73 0 h | E1662: B73 24 h | F1662: 8.18503 | G1662: 3.6346 | H1662: -1.17119
A1663: GRMZM2G157481 | B1663: GO:0005515GO:0006915GO:0006464GO:0050825GO:0042309GO:0050826 | C1663: protein binding protein | D1663: B73 0 h | E1663: B73 6 h | F1663: 4.01902 | G1663: 1.78376 | H1663: -1.17192
A1664: BX1 | B1664: NA | C1664: NA | D1664: B73 0 h | E1664: B73 24 h | F1664: 114.264 | G1664: 50.7075 | H1664: -1.1721
A1665: GRMZM2G069602 | B1665: NA | C1665: uncharacterized protein LOC100383091 | D1665: B73 0 h | E1665: B73 24 h | F1665: 1.94639 | G1665: 0.863545 | H1665: -1.17246
A1666: GRMZM2G018336 | B1666: GO:0006355GO:0005634GO:0004879GO:0003677 | C1666: dna-binding protein rav1 | D1666: B73 0 h | E1666: B73 6 h | F1666: 2.59251 | G1666: 1.14975 | H1666: -1.17303
A1667: GRMZM2G312201 | B1667: GO:0045449GO:0003677 | C1667: pentatricopeptide repeat-containing protein mitochondrial-like | D1667: B73 0 h | E1667: B73 6 h | F1667: 8.01189 | G1667: 3.55313 | H1667: -1.17305
A1668: GRMZM2G143640 | B1668: GO:0003677 | C1668: myb-like transcription factor | D1668: B73 0 h | E1668: B73 24 h | F1668: 1.76026 | G1668: 0.780637 | H1668: -1.17307
A1669: GRMZM2G703214 | B1669: NA | C1669: uncharacterized protein LOC100383091 | D1669: B73 0 h | E1669: B73 24 h | F1669: 1.70924 | G1669: 0.757528 | H1669: -1.17398
A1670: AC186156.3_FG005 | B1670: NA | C1670: NA | D1670: Mo17 0 h | E1670: Mo17 24 h | F1670: 4.07187 | G1670: 1.8041 | H1670: -1.17441
A1671: AC186592.3_FG003 | B1671: NA | C1671: NA | D1671: Mo17 0 h | E1671: Mo17 6 h | F1671: 4.47656 | G1671: 1.98319 | H1671: -1.17457
A1672: GRMZM2G129540 | B1672: GO:0016787 | C1672: transposon protein | D1672: B73 0 h | E1672: B73 6 h | F1672: 1.42033 | G1672: 0.628724 | H1672: -1.17573
A1673: AC210204.3_FG002 | B1673: GO:0051260GO:0016021GO:0007186 | C1673: NA | D1673: B73 0 h | E1673: B73 24 h | F1673: 47.7632 | G1673: 21.1423 | H1673: -1.17577
A1674: GRMZM5G864903 | B1674: NA | C1674: cytochrome p450 | D1674: B73 0 h | E1674: B73 6 h | F1674: 1.01553 | G1674: 0.449364 | H1674: -1.17628
... A2496: GRMZM2G024993 | B2496: GO:0009250GO:0009011 | C2496: granule bound starch synthase | D2496: Mo17 0 h | E2496: Mo17 6 h | F2496: 1.30937 | G2496: 0.0459984 | H2496: -4.83115
A2497: GRMZM2G336859 | B2497: NA | C2497: NA | D2497: B73 0 h | E2497: B73 6 h | F2497: 0.881977 | G2497: 0 | H2497: BD
A2498: GRMZM2G332423 | B2498: GO:0005506GO:0016491 | C2498: acc oxidase | D2498: B73 0 h | E2498: B73 6 h | F2498: 0.915181 | G2498: 0 | H2498: BD
A2499: GRMZM2G132880 | B2499: NA | C2499: terminal flower 1 | D2499: B73 0 h | E2499: B73 6 h | F2499: 3.94234 | G2499: 0 | H2499: BD
A2500: AC233910.1_FG003 | B2500: GO:0003735GO:0006412GO:0006464GO:0005840 | C2500: NA | D2500: B73 0 h | E2500: B73 24 h | F2500: 0.77188 | G2500: 0 | H2500: BD
A2501: GRMZM2G051135 | B2501: GO:0003677 | C2501: ethylene-responsive transciptional coactivator-like protein | D2501: B73 0 h | E2501: B73 24 h | F2501: 0.891193 | G2501: 0 | H2501: BD
A2502: GRMZM6G186438 | B2502: NA | C2502: NA | D2502: B73 0 h | E2502: B73 24 h | F2502: 0.834744 | G2502: 0 | H2502: BD
A2503: H4C7 | B2503: NA | C2503: NA | D2503: Mo17 0 h | E2503: Mo17 6 h | F2503: 1.73035 | G2503: 0 | H2503: BD
A2504: GRMZM2G104339 | B2504: NA | C2504: hypothetical protein SORBIDRAFT_02g028480 | D2504: Mo17 0 h | E2504: Mo17 6 h | F2504: 0.84472 | G2504: 0 | H2504: BD
A2505: AC199487.4_FG002 | B2505: GO:0009611GO:0004867 | C2505: NA | D2505: Mo17 0 h | E2505: Mo17 24 h | F2505: 1.8738 | G2505: 0 | H2505: BD
A2506: GRMZM5G871600 | B2506: NA | C2506: unknown | D2506: Mo17 0 h | E2506: Mo17 24 h | F2506: 5.21302 | G2506: 0 | H2506: BD
A2507: GRMZM5G855014 | B2507: NA | C2507: unknown | D2507: B73 0 h | E2507: B73 6 h | F2507: 0 | G2507: 1.36839 | H2507: BD
A2508: GRMZM2G143142 | B2508: NA | C2508: NA | D2508: B73 0 h | E2508: B73 6 h | F2508: 0 | G2508: 1.47512 | H2508: BD
... A2557: GRMZM5G813809 | B2557: NA | C2557: NA | D2557: Mo17 0 h | E2557: Mo17 24 h | F2557: 0 | G2557: 1.93781 | H2557: BD

Sheet B73 6 h
A1: Table S3. Differentially expressed genes in response to R. padi feeding in B73 and Mo17 | M1: log2(fold_change)
A2: B73 0 h:No aphid treatment on B73,B73 6 h: Aphid treatment B73 for 6 h; NA：no annotation.BD: numerator or denominator is below of detection | L2: GRMZM2G055698 | M2: -1.35054
A3: gene | B3: GO term | C3: Description | D3: sample_1 | E3: sample_2 | F3: value_1 | G3: value_2 | H3: log2(fold_change) | L3: GRMZM2G030567 | M3: -1.43793
A4: GRMZM2G055698 | B4: GO:0016021 | C4: membrane protein | D4: B73 0 h | E4: B73 6 h | F4: 12.1189 | G4: 4.75237 | H4: -1.35054 | I4: 1 | L4: GRMZM2G092813 | M4: 1.14393
A5: GRMZM2G030567 | B5: NA | C5: hypothetical protein SORBIDRAFT_01g049390 | D5: B73 0 h | E5: B73 6 h | F5: 3.27985 | G5: 1.21058 | H5: -1.43793 | I5: 1 | L5: GRMZM2G018579 | M5: -1.04583
A6: GRMZM2G092813 | B6: GO:0003824GO:0008152 | C6: acyl:coa ligase acetate-coa synthetase-like protein | D6: B73 0 h | E6: B73 6 h | F6: 6.53338 | G6: 14.4376 | H6: 1.14393 | I6: 1 | L6: GRMZM2G132367 | M6: -1.04277
A7: GRMZM2G018579 | B7: NA | C7: protein | D7: B73 0 h | E7: B73 6 h | F7: 21.8294 | G7: 10.5734 | H7: -1.04583 | I7: 1 | L7: GRMZM2G075712 | M7: -1.02879
A8: GRMZM2G132367 | B8: GO:0003700GO:0006355GO:0005634GO:0043565 | C8: homeodomain-leucine zipper transcription factor ipi-1 | D8: B73 0 h | E8: B73 6 h | F8: 5.47857 | G8: 2.65926 | H8: -1.04277 | I8: 1 | L8: GRMZM2G331638 | M8: -1.85375
A9: GRMZM2G075712 | B9: NA | C9: uncharacterized protein LOC100303821 | D9: B73 0 h | E9: B73 6 h | F9: 22.5554 | G9: 11.0549 | H9: -1.02879 | I9: 1 | L9: GRMZM2G180452 | M9: -1.05159
A10: GRMZM2G331638 | B10: NA | C10: dopamine beta-monooxygenase | D10: B73 0 h | E10: B73 6 h | F10: 1.20792 | G10: 0.334199 | H10: -1.85375 | I10: 1 | L10: GRMZM2G001079 | M10: -1.00852
A11: GRMZM2G180452 | B11: GO:0005634GO:0045449GO:0030528 | C11: helix-loop-helix dna-binding domain containing expressed | D11: B73 0 h | E11: B73 6 h | F11: 1.21952 | G11: 0.588337 | H11: -1.05159 | I11: 1 | L11: AC208201.3_FG003 | M11: -1.84622
A12: GRMZM2G001079 | B12: GO:0016020GO:0015018GO:0050825GO:0042309GO:0050826 | C12: glycosyl transferase | D12: B73 0 h | E12: B73 6 h | F12: 2.36128 | G12: 1.17368 | H12: -1.00852 | I12: 1 | L12: GRMZM2G112538 | M12: 1.07263
A13: AC208201.3_FG003 | B13: NA | C13: NA | D13: B73 0 h | E13: B73 6 h | F13: 3.99423 | G13: 1.11087 | H13: -1.84622 | I13: 1 | L13: GRMZM2G318652 | M13: -1.23946
A14: GRMZM2G112538 | B14: GO:0006952GO:0009607 | C14: pathogenesis-related protein 1 | D14: B73 0 h | E14: B73 6 h | F14: 13.4866 | G14: 28.3658 | H14: 1.07263 | I14: 1 | L14: GRMZM2G107597 | M14: -1.09593
A15: GRMZM2G318652 | B15: GO:0050825GO:0042309GO:0050826 | C15: sigma factor binding protein | D15: B73 0 h | E15: B73 6 h | F15: 8.20993 | G15: 3.47717 | H15: -1.23946 | I15: 1 | L15: GRMZM2G038153 | M15: 1.55366
... A24: GRMZM5G846082 | B24: NA | C24: NA | D24: B73 0 h | E24: B73 6 h | F24: 14.8834 | G24: 30.1352 | H24: 1.01774 | I24: 1 | L24: GRMZM2G024927 | M24: 1.10414
A25: GRMZM5G855014 | B25: NA | C25: unknown | D25: B73 0 h | E25: B73 6 h | F25: 0 | G25: 1.36839 | H25: BD | I25: BD | L25: GRMZM2G037265 | M25: -1.22417
A26: GRMZM2G428216 | B26: NA | C26: uncharacterized protein LOC100276732 | D26: B73 0 h | E26: B73 6 h | F26: 983.799 | G26: 491.038 | H26: -1.00253 | I26: 1 | L26: GRMZM2G050177 | M26: -1.15518
A27: GRMZM2G024927 | B27: NA | C27: uncharacterized protein LOC100383747 | D27: B73 0 h | E27: B73 6 h | F27: 0.630867 | G27: 1.35618 | H27: 1.10414 | I27: 1 | L27: GRMZM2G309731 | M27: -1.15369
A28: GRMZM2G037265 | B28: NA | C28: alkaline alpha-galactosidase seed imbibition protein | D28: B73 0 h | E28: B73 6 h | F28: 71.5048 | G28: 30.6073 | H28: -1.22417 | I28: 1 | L28: GRMZM2G101245 | M28: -1.42351
A29: GRMZM2G050177 | B29: NA | C29: alkaline alpha-galactosidase seed imbibition protein | D29: B73 0 h | E29: B73 6 h | F29: 39.9594 | G29: 17.9422 | H29: -1.15518 | I29: 1 | L29: GRMZM2G401147 | M29: -1.25359
A30: GRMZM2G309731 | B30: GO:0003700GO:0006355 | C30: ethylene-responsive transcription factor | D30: B73 0 h | E30: B73 6 h | F30: 4.70656 | G30: 2.11548 | H30: -1.15369 | I30: 1 | L30: GRMZM2G450498 | M30: -1.59673
A31: GRMZM2G101245 | B31: GO:0004674GO:0006468GO:0004713GO:0005524 | C31: avr9 cf-9 rapidly elicited protein | D31: B73 0 h | E31: B73 6 h | F31: 6.2652 | G31: 2.33569 | H31: -1.42351 | I31: 1 | L31: AC212023.4_FG004 | M31: 1.07164
A32: GRMZM2G401147 | B32: GO:0006334GO:0003677GO:0005634GO:0000786 | C32: histone | D32: B73 0 h | E32: B73 6 h | F32: 22.2803 | G32: 9.34444 | H32: -1.25359 | I32: 1 | L32: GRMZM2G154090 | M32: 2.12919
A33: GRMZM2G450498 | B33: GO:0006520GO:0030170 | C33: o-succinylhomoserine sulfhydrylase | D33: B73 0 h | E33: B73 6 h | F33: 81.4459 | G33: 26.9281 | H33: -1.59673 | I33: 1 | L33: GRMZM5G827939 | M33: 3.42046
A34: AC212023.4_FG004 | B34: GO:0004857GO:0030599 | C34: NA | D34: B73 0 h | E34: B73 6 h | F34: 222.816 | G34: 468.319 | H34: 1.07164 | I34: 1 | L34: GRMZM2G162505 | M34: 2.11153
A35: GRMZM2G154090 | B35: GO:0005315GO:0016021GO:0006817 | C35: phosphate transporter 4 | D35: B73 0 h | E35: B73 6 h | F35: 0.239003 | G35: 1.04557 | H35: 2.12919 | I35: 1 | L35: GRMZM2G081554 | M35: 1.68137
A36: GRMZM5G827939 | B36: NA | C36: -dihydroxy-3-keto-5-methylthiopentene dioxygenase 4 | D36: B73 0 h | E36: B73 6 h | F36: 1.17746 | G36: 12.6069 | H36: 3.42046 | I36: 1 | L36: GRMZM2G138455 | M36: -1.02629
A37: GRMZM2G162505 | B37: GO:0004568GO:0006032 | C37: chitinase 2-like | D37: B73 0 h | E37: B73 6 h | F37: 2.06327 | G37: 8.9164 | H37: 2.11153 | I37: 1 | L37: GRMZM2G171118 | M37: 1.37073
... A44: GRMZM2G149219 | B44: GO:0003700GO:0043565GO:0005634GO:0045449 | C44: dna-binding protein | D44: B73 0 h | E44: B73 6 h | F44: 4.06218 | G44: 0.998357 | H44: -2.02463 | I44: 1 | L44: GRMZM2G004036 | M44: 3.29281
A45: GRMZM2G143142 | B45: NA | C45: NA | D45: B73 0 h | E45: B73 6 h | F45: 0 | G45: 1.47512 | H45: BD | I45: BD | L45: GRMZM2G464393 | M45: -1.08922
A46: GRMZM2G090043 | B46: NA | C46: hypothetical protein | D46: B73 0 h | E46: B73 6 h | F46: 1.79164 | G46: 11.1589 | H46: 2.63884 | I46: 1 | L46: GRMZM2G380789 | M46: 3.85137
A47: GRMZM2G010034 | B47: NA | C47: protein | D47: B73 0 h | E47: B73 6 h | F47: 104.093 | G47: 219.783 | H47: 1.07821 | I47: 1 | L47: GRMZM2G003506 | M47: -1.24304
A48: GRMZM2G004036 | B48: GO:0003824GO:0016564GO:0006808GO:0044237GO:0050662 | C48: isoflavone reductase homolog a622-like | D48: B73 0 h | E48: B73 6 h | F48: 0.473781 | G48: 4.64313 | H48: 3.29281 | I48: 1 | L48: GRMZM2G116902 | M48: 1.94465
A49: GRMZM2G464393 | B49: GO:0005515 | C49: protein binding protein | D49: B73 0 h | E49: B73 6 h | F49: 2.21008 | G49: 1.03877 | H49: -1.08922 | I49: 1 | L49: GRMZM2G321033 | M49: -1.18947
A50: GRMZM2G380789 | B50: GO:0016021 | C50: heptahelical protein 4 | D50: B73 0 h | E50: B73 6 h | F50: 0.0796325 | G50: 1.14939 | H50: 3.85137 | I50: 1 | L50: GRMZM2G377647 | M50: -1.05086
A51: GRMZM2G003506 | B51: NA | C51: membrane protein | D51: B73 0 h | E51: B73 6 h | F51: 1.97347 | G51: 0.833752 | H51: -1.24304 | I51: 1 | L51: GRMZM2G305526 | M51: -4.04282
A52: GRMZM2G116902 | B52: GO:0004601GO:0006979GO:0020037GO:0009055 | C52: peroxidase n-like | D52: B73 0 h | E52: B73 6 h | F52: 0.54042 | G52: 2.08032 | H52: 1.94465 | I52: 1 | L52: GRMZM2G043878 | M52: 2.86101
A53: GRMZM2G321033 | B53: GO:0004497GO:0020037GO:0009055 | C53: cytochrome p450 family expressed | D53: B73 0 h | E53: B73 6 h | F53: 0.889747 | G53: 0.390121 | H53: -1.18947 | I53: 1 | L53: GRMZM2G338037 | M53: 1.9566
A54: GRMZM2G377647 | B54: NA | C54: uncharacterized protein LOC100276586 | D54: B73 0 h | E54: B73 6 h | F54: 2.58959 | G54: 1.24994 | H54: -1.05086 | I54: 1 | L54: GRMZM2G053669 | M54: 1.12979
A55: GRMZM2G305526 | B55: GO:0048046GO:0005507GO:0046274GO:0008471GO:0055114 | C55: lac10_orysj ame: full=laccase-10 ame: full=benzenediol:oxygen oxidoreductase 10 ame: full=diphenol oxidase 10 ame: full=urishiol oxidase 10 flags: precursor | D55: B73 0 h | E55: B73 6 h | F55: 2.85736 | G55: 0.173362 | H55: -4.04282 | I55: 1 | L55: GRMZM2G073969 | M55: 1.12328
A56: GRMZM2G043878 | B56: NA | C56: 33-kda secretory protein | D56: B73 0 h | E56: B73 6 h | F56: 0.434797 | G56: 3.1589 | H56: 2.86101 | I56: 1 | L56: GRMZM5G862467 | M56: -1.60454
A57: GRMZM2G338037 | B57: NA | C57: protein | D57: B73 0 h | E57: B73 6 h | F57: 0.459146 | G57: 1.78216 | H57: 1.9566 | I57: 1 | L57: GRMZM2G125241 | M57: -1.44035
A58: GRMZM2G053669 | B58: GO:0006529GO:0004066 | C58: asparagine synthetase | D58: B73 0 h | E58: B73 6 h | F58: 91.5262 | G58: 200.284 | H58: 1.12979 | I58: 1 | L58: GRMZM2G028821 | M58: 1.02275
A59: GRMZM2G327199 | B59: NA | C59: NA | D59: B73 0 h | E59: B73 6 h | F59: 0 | G59: 4.84134 | H59: BD | I59: BD | L59: GRMZM2G373607 | M59: 1.93652
A60: GRMZM2G073969 | B60: NA | C60: hypothetical protein SORBIDRAFT_01g035830 | D60: B73 0 h | E60: B73 6 h | F60: 8.44278 | G60: 18.3919 | H60: 1.12328 | I60: 1 | L60: GRMZM2G176595 | M60: 1.4099
A61: GRMZM5G862467 | B61: NA | C61: mps one binder kinase activator-like 1a | D61: B73 0 h | E61: B73 6 h | F61: 6.41147 | G61: 2.10836 | H61: -1.60454 | I61: 1 | L61: GRMZM2G179528 | M61: 1.26847
A62: GRMZM2G125241 | B62: GO:0006566GO:0005524GO:0004413 | C62: glucan endo- -beta-glucosidase 3 precursor | D62: B73 0 h | E62: B73 6 h | F62: 2.97875 | G62: 1.0976 | H62: -1.44035 | I62: 1 | L62: GRMZM2G371462 | M62: -2.01967
A63: GRMZM2G028821 | B63: GO:0005737GO:0004364GO:0008152 | C63: glutathione s-transferase | D63: B73 0 h | E63: B73 6 h | F63: 21.9374 | G63: 44.5722 | H63: 1.02275 | I63: 1 | L63: GRMZM2G130232 | M63: -1.15826
A64: GRMZM2G373607 | B64: GO:0006508GO:0004185 | C64: serine carboxypeptidase-like 34-like | D64: B73 0 h | E64: B73 6 h | F64: 0.38509 | G64: 1.47405 | H64: 1.93652 | I64: 1 | L64: GRMZM2G004572 | M64: -1.60225
A65: GRMZM2G176595 | B65: GO:0005576GO:0019953 | C65: beta-expansin 1a precursor | D65: B73 0 h | E65: B73 6 h | F65: 1.67894 | G65: 4.46126 | H65: 1.4099 | I65: 1 | L65: GRMZM2G136372 | M65: -1.03771
A66: GRMZM2G344279 | B66: GO:0003735GO:0015934GO:0006412GO:0030528 | C66: 60s ribosomal protein l7-1 | D66: B73 0 h | E66: B73 6 h | F66: 0 | G66: 1.06424 | H66: BD | I66: BD | L66: GRMZM2G392791 | M66: -1.21987
A67: GRMZM2G179528 | B67: GO:0006508GO:0004185 | C67: serine carboxypeptidase family expressed | D67: B73 0 h | E67: B73 6 h | F67: 3.93562 | G67: 9.48112 | H67: 1.26847 | I67: 1 | L67: GRMZM5G893912 | M67: -1.45478
A68: GRMZM2G371462 | B68: NA | C68: Os10g0364900 | D68: B73 0 h | E68: B73 6 h | F68: 17.1911 | G68: 4.23956 | H68: -2.01967 | I68: 1 | L68: GRMZM5G840852 | M68: 1.6611
A69: GRMZM2G130232 | B69: NA | C69: cold regulated protein 27 | D69: B73 0 h | E69: B73 6 h | F69: 7.97763 | G69: 3.57439 | H69: -1.15826 | I69: 1 | L69: GRMZM2G059138 | M69: -2.11183
A70: GRMZM2G004572 | B70: GO:0006468GO:0004674GO:0004713GO:0005515GO:0005524GO:0031177 | C70: strubbelig-receptor family 6 | D70: B73 0 h | E70: B73 6 h | F70: 1.93596 | G70: 0.637634 | H70: -1.60225 | I70: 1 | L70: GRMZM2G161245 | M70: -1.29224
A71: GRMZM2G136372 | B71: NA | C71: pathogenesis-related protein 5 | D71: B73 0 h | E71: B73 6 h | F71: 17.7075 | G71: 8.6253 | H71: -1.03771 | I71: 1 | L71: GRMZM2G536825 | M71: -1.27333
A72: GRMZM2G392791 | B72: GO:0006508GO:0004177 | C72: epoxide hydrolase 2 | D72: B73 0 h | E72: B73 6 h | F72: 11.4913 | G72: 4.93345 | H72: -1.21987 | I72: 1 | L72: GRMZM2G466563 | M72: 1.15673
A73: GRMZM5G893912 | B73: NA | C73: cell division protein aaa atpase family | D73: B73 0 h | E73: B73 6 h | F73: 13.6948 | G73: 4.99599 | H73: -1.45478 | I73: 1 | L73: GRMZM2G129266 | M73: 1.10397
A74: GRMZM5G840852 | B74: NA | C74: ribonuclease p protein subunit p25 | D74: B73 0 h | E74: B73 6 h | F74: 0.262003 | G74: 0.828602 | H74: 1.6611 | I74: 1 | L74: GRMZM2G350225 | M74: -1.00386
A75: GRMZM2G059138 | B75: NA | C75: saur33 - auxin-responsive saur family member | D75: B73 0 h | E75: B73 6 h | F75: 1.90184 | G75: 0.439998 | H75: -2.11183 | I75: 1 | L75: GRMZM2G009735 | M75: -1.53885
A76: GRMZM2G161245 | B76: NA | C76: nad-malate dehydrogenase | D76: B73 0 h | E76: B73 6 h | F76: 3.38328 | G76: 1.38145 | H76: -1.29224 | I76: 1 | L76: GRMZM2G001764 | M76: -1.14341
A77: GRMZM2G536825 | B77: NA | C77: Os08g0432000 | D77: B73 0 h | E77: B73 6 h | F77: 3.51186 | G77: 1.45287 | H77: -1.27333 | I77: 1 | L77: GRMZM5G891371 | M77: 4.92556
A78: GRMZM2G466563 | B78: NA | C78: calmodulin-binding protein | D78: B73 0 h | E78: B73 6 h | F78: 0.703669 | G78: 1.56884 | H78: 1.15673 | I78: 1 | L78: GRMZM2G060742 | M78: 1.07712
... A84: GRMZM2G060742 | B84: GO:0015105GO:0015746GO:0016021GO:0015137 | C84: transmembrane expressed | D84: B73 0 h | E84: B73 6 h | F84: 6.43356 | G84: 13.5736 | H84: 1.07712 | I84: 1 | L84: GRMZM2G118172 | M84: -2.62274
A85: GRMZM2G164761 | B85: GO:0016020GO:0016760GO:0030244 | C85: cellulose synthase-like protein slf1 | D85: B73 0 h | E85: B73 6 h | F85: 0 | G85: 0.99544 | H85: BD | I85: BD | L85: GRMZM2G341959 | M85: -2.3393
A86: GRMZM2G324390 | B86: GO:0003700GO:0006355GO:0005634GO:0043565 | C86: kinase-interacting protein 1 | D86: B73 0 h | E86: B73 6 h | F86: 0.411718 | G86: 1.12395 | H86: 1.44884 | I86: 1 | L86: GRMZM2G467893 | M86: -1.59976
A87: GRMZM2G145412 | B87: NA | C87: zim motif family protein | D87: B73 0 h | E87: B73 6 h | F87: 3.92976 | G87: 1.63112 | H87: -1.26858 | I87: 1 | L87: GRMZM2G075974 | M87: -1.36953
A88: GRMZM2G105189 | B88: GO:0006629GO:0016788 | C88: zinc finger | D88: B73 0 h | E88: B73 6 h | F88: 5.93818 | G88: 13.8779 | H88: 1.2247 | I88: 1 | L88: GRMZM2G457346 | M88: -1.58632
A89: GRMZM2G120621 | B89: GO:0004497GO:0020037GO:0009055 | C89: cytochrome p450 family expressed | D89: B73 0 h | E89: B73 6 h | F89: 0.398996 | G89: 1.21532 | H89: 1.60689 | I89: 1 | L89: GRMZM2G054361 | M89: 1.2713
A90: GRMZM2G129540 | B90: GO:0016787 | C90: transposon protein | D90: B73 0 h | E90: B73 6 h | F90: 1.42033 | G90: 0.628724 | H90: -1.17573 | I90: 1 | L90: GRMZM2G049349 | M90: 1.02236
A91: GRMZM2G118172 | B91: GO:0050825GO:0042309GO:0050826 | C91: vq motif family protein | D91: B73 0 h | E91: B73 6 h | F91: 29.6285 | G91: 4.81047 | H91: -2.62274 | I91: 1 | L91: GRMZM2G039278 | M91: 1.18384
A92: GRMZM2G341959 | B92: GO:0008146 | C92: sulfotransferase 17-like | D92: B73 0 h | E92: B73 6 h | F92: 0.818448 | G92: 0.16173 | H92: -2.3393 | I92: 1 | L92: GRMZM2G091578 | M92: 1.11386
A93: GRMZM2G467893 | B93: NA | C93: nodule-specific protein | D93: B73 0 h | E93: B73 6 h | F93: 2.25888 | G93: 0.745274 | H93: -1.59976 | I93: 1 | L93: GRMZM2G427697 | M93: -1.10313
A94: GRMZM2G075974 | B94: GO:0006541GO:0003824GO:0009058GO:0050825GO:0042309GO:0050826 | C94: gmp synthase | D94: B73 0 h | E94: B73 6 h | F94: 11.1389 | G94: 4.31092 | H94: -1.36953 | I94: 1 | L94: AC235547.1_FG005 | M94: -1.21037
A95: GRMZM2G457346 | B95: NA | C95: seed maturation protein pm41 | D95: B73 0 h | E95: B73 6 h | F95: 2.21099 | G95: 0.736303 | H95: -1.58632 | I95: 1 | L95: GRMZM2G006047 | M95: -2.2175
A96: GRMZM2G054361 | B96: GO:0016847GO:0009058GO:0030170GO:0016769 | C96: NA | D96: B73 0 h | E96: B73 6 h | F96: 4.45257 | G96: 10.7476 | H96: 1.2713 | I96: 1 | L96: GRMZM2G015892 | M96: -1.06621
A97: GRMZM2G049349 | B97: NA | C97: sterol regulatory element-binding protein site 2 | D97: B73 0 h | E97: B73 6 h | F97: 13.3531 | G97: 27.1234 | H97: 1.02236 | I97: 1 | L97: AC206201.3_FG004 | M97: -1.54555
... A137: GRMZM2G056697 | B137: NA | C137: uncharacterized protein LOC100272757 | D137: B73 0 h | E137: B73 6 h | F137: 0.103158 | G137: 1.08331 | H137: 3.39252 | I137: 1 | L137: GRMZM2G005939 | M137: -1.11688
A138: GRMZM2G336859 | B138: NA | C138: NA | D138: B73 0 h | E138: B73 6 h | F138: 0.881977 | G138: 0 | H138: BD | I138: BD | L138: GRMZM2G005633 | M138: -3.48916
A139: GRMZM2G049930 | B139: GO:0048046GO:0030145GO:0045735 | C139: germin-like protein subfamily 1 member 8 expressed | D139: B73 0 h | E139: B73 6 h | F139: 0.486766 | G139: 1.14205 | H139: 1.23032 | I139: 1 | L139: GRMZM2G031660 | M139: -1.02869
A140: GRMZM2G407495 | B140: NA | C140: hypothetical protein | D140: B73 0 h | E140: B73 6 h | F140: 7.72059 | G140: 23.2298 | H140: 1.58919 | I140: 1 | L140: H4C7 | M140: -1.67567
A141: GRMZM2G148316 | B141: NA | C141: cytokinin-o-glucosyltransferase 2 | D141: B73 0 h | E141: B73 6 h | F141: 0 | G141: 1.20052 | H141: BD | I141: BD | L141: GRMZM2G181030 | M141: -1.68046
A142: TPS10 | B142: NA | C142: NA | D142: B73 0 h | E142: B73 6 h | F142: 3.17993 | G142: 0.509448 | H142: -2.64199 | I142: 1 | L142: GRMZM2G006212 | M142: 1.48147
A143: GRMZM2G165757 | B143: GO:0016887GO:0016020GO:0031177GO:0005524 | C143: abc transporter g family member 14-like | D143: B73 0 h | E143: B73 6 h | F143: 2.87177 | G143: 0.919157 | H143: -1.64355 | I143: 1 | L143: GRMZM5G802365 | M143: -1.14255
A144: GRMZM2G332423 | B144: GO:0005506GO:0016491 | C144: acc oxidase | D144: B73 0 h | E144: B73 6 h | F144: 0.915181 | G144: 0 | H144: BD | I144: BD | L144: GRMZM2G474039 | M144: 5.08845
A145: GRMZM2G066961 | B145: GO:0006950 | C145: universal stress protein | D145: B73 0 h | E145: B73 6 h | F145: 52.3384 | G145: 16.3867 | H145: -1.67535 | I145: 1 | L145: GRMZM5G882427 | M145: -1.03437
A146: GRMZM2G087809 | B146: GO:0005199GO:0045735 | C146: NA | D146: B73 0 h | E146: B73 6 h | F146: 2.63908 | G146: 0.614993 | H146: -2.10139 | I146: 1 | L146: GRMZM2G045849 | M146: -1.28394
A147: GRMZM2G005939 | B147: GO:0005634GO:0045449GO:0030528 | C147: basic helix-loop-helix domain-containing protein | D147: B73 0 h | E147: B73 6 h | F147: 18.3913 | G147: 8.48006 | H147: -1.11688 | I147: 1 | L147: GRMZM2G093526 | M147: -1.2333
A148: GRMZM2G005633 | B148: GO:0016491GO:0004568GO:0006032GO:0008061GO:0016998 | C148: chitinase | D148: B73 0 h | E148: B73 6 h | F148: 2.37799 | G148: 0.211772 | H148: -3.48916 | I148: 1 | L148: GRMZM2G477063 | M148: -2.96047
A149: GRMZM2G031660 | B149: GO:0005975GO:0004553 | C149: beta-glucosidase precursor | D149: B73 0 h | E149: B73 6 h | F149: 17.8552 | G149: 8.75179 | H149: -1.02869 | I149: 1 | L149: GRMZM2G074743 | M149: -2.19069
A150: H4C7 | B150: NA | C150: NA | D150: B73 0 h | E150: B73 6 h | F150: 3.04232 | G150: 0.95231 | H150: -1.67567 | I150: 1 | L150: GRMZM2G038722 | M150: -1.62549
A151: GRMZM2G181030 | B151: GO:0003677 | C151: late elongated hypocoty | D151: B73 0 h | E151: B73 6 h | F151: 2.76025 | G151: 0.861149 | H151: -1.68046 | I151: 1 | L151: GRMZM2G163067 | M151: -1.1444
A152: GRMZM2G006212 | B152: GO:0015297GO:0016020GO:0006855GO:0015238 | C152: multidrug resistance | D152: B73 0 h | E152: B73 6 h | F152: 0.370815 | G152: 1.03544 | H152: 1.48147 | I152: 1 | L152: GRMZM2G066489 | M152: 1.33042
A153: GRMZM5G802365 | B153: NA | C153: NA | D153: B73 0 h | E153: B73 6 h | F153: 0.805476 | G153: 0.364847 | H153: -1.14255 | I153: 1 | L153: GRMZM2G050234 | M153: 1.23791
A154: GRMZM2G474039 | B154: NA | C154: hypothetical protein SORBIDRAFT_06g030720 | D154: B73 0 h | E154: B73 6 h | F154: 0.451313 | G154: 15.3552 | H154: 5.08845 | I154: 1 | L154: GRMZM2G045398 | M154: -1.60617
A155: GRMZM5G882427 | B155: NA | C155: anthocyanin 5-aromatic acyltransferase-like | D155: B73 0 h | E155: B73 6 h | F155: 1.85481 | G155: 0.905569 | H155: -1.03437 | I155: 1 | L155: GRMZM2G120016 | M155: 1.95108
A156: GRMZM2G045849 | B156: GO:0006829GO:0016021GO:0017153GO:0006835GO:0005385 | C156: zinc transporter zip1 | D156: B73 0 h | E156: B73 6 h | F156: 1.01021 | G156: 0.414867 | H156: -1.28394 | I156: 1 | L156: GRMZM2G048366 | M156: 1.34115
... A208: GRMZM2G051952 | B208: GO:0006355GO:0005634GO:0004879GO:0003677 | C208: at4g28740 f16a16_150 | D208: B73 0 h | E208: B73 6 h | F208: 1.83968 | G208: 5.48651 | H208: 1.57644 | I208: 1 | L208: GRMZM2G164440 | M208: 1.21496
A209: GRMZM2G121264 | B209: GO:0004497GO:0020037GO:0009055 | C209: protein | D209: B73 0 h | E209: B73 6 h | F209: 0 | G209: 1.53659 | H209: BD | I209: BD | L209: GRMZM2G333095 | M209: -1.08284
...

Sheet B73 24 h
A1: Table S3. Differentially expressed genes in response to R. padi feeding in B73 and Mo17 | M1: log2(fold_change)
A2: B73 0 h:No aphid treatment on B73,B73 24 h: Aphid treatment B73 for 24 h; NA：no annotation.BD: numerator or denominator is below of detection | L2: GRMZM2G392863 | M2: 1.1343
A3: gene | B3: GO term | C3: Description | D3: sample_1 | E3: sample_2 | F3: value_1 | G3: value_2 | H3: log2(fold_change) | L3: GRMZM5G838098 | M3: -1.35915
A4: GRMZM2G392863 | B4: GO:0006952 | C4: flower-specific gamma-thionin precursor | D4: B73 0 h | E4: B73 24 h | F4: 2.24098 | G4: 4.91922 | H4: 1.1343 | I4: 1 | L4: GRMZM2G024099 | M4: 1.42853
A5: GRMZM5G838098 | B5: NA | C5: protein tify 10a-like | D5: B73 0 h | E5: B73 24 h | F5: 6.83051 | G5: 2.66261 | H5: -1.35915 | I5: 1 | L5: AC177946.2_FG004 | M5: 1.3089
A6: GRMZM2G024099 | B6: GO:0006508GO:0004190 | C6: aspartyl protease | D6: B73 0 h | E6: B73 24 h | F6: 0.377037 | G6: 1.01488 | H6: 1.42853 | I6: 1 | L6: GRMZM2G013430 | M6: -1.06253
A7: AC177946.2_FG004 | B7: GO:0000015GO:0016020GO:0051260GO:0006096GO:0050825GO:0042309GO:0050826GO:0004634 | C7: NA | D7: B73 0 h | E7: B73 24 h | F7: 21.3595 | G7: 52.9187 | H7: 1.3089 | I7: 1 | L7: GRMZM2G331638 | M7: -1.43371
A8: GRMZM2G013430 | B8: GO:0005737GO:0006535GO:0050825GO:0042309GO:0050826GO:0009001 | C8: serine acetyltransferase mitochondrial | D8: B73 0 h | E8: B73 24 h | F8: 2.26068 | G8: 1.08239 | H8: -1.06253 | I8: 1 | L8: GRMZM2G116823 | M8: -1.62348
A9: GRMZM2G331638 | B9: NA | C9: dopamine beta-monooxygenase | D9: B73 0 h | E9: B73 24 h | F9: 1.20792 | G9: 0.447146 | H9: -1.43371 | I9: 1 | L9: GRMZM2G149647 | M9: -2.3888
A10: GRMZM2G116823 | B10: GO:0004601GO:0006979GO:0020037GO:0009055 | C10: peroxidase 53 expressed | D10: B73 0 h | E10: B73 24 h | F10: 1.29038 | G10: 0.418793 | H10: -1.62348 | I10: 1 | L10: AC208201.3_FG003 | M10: -1.98895
A11: GRMZM2G149647 | B11: NA | C11: heat-shock protein | D11: B73 0 h | E11: B73 24 h | F11: 1.36271 | G11: 0.260198 | H11: -2.3888 | I11: 1 | L11: GRMZM2G112524 | M11: 1.20116
A12: AC208201.3_FG003 | B12: NA | C12: NA | D12: B73 0 h | E12: B73 24 h | F12: 3.99423 | G12: 1.00623 | H12: -1.98895 | I12: 1 | L12: GRMZM2G318652 | M12: -1.23345
A13: GRMZM2G112524 | B13: GO:0006952GO:0009607 | C13: pathogenesis-related protein 1 | D13: B73 0 h | E13: B73 24 h | F13: 11.0341 | G13: 25.37 | H13: 1.20116 | I13: 1 | L13: GRMZM2G038153 | M13: 1.08104
A14: GRMZM2G318652 | B14: GO:0050825GO:0042309GO:0050826 | C14: sigma factor binding protein | D14: B73 0 h | E14: B73 24 h | F14: 8.20993 | G14: 3.49167 | H14: -1.23345 | I14: 1 | L14: GRMZM2G046297 | M14: -1.39912
A15: GRMZM2G038153 | B15: GO:0016829GO:0000287GO:0008152 | C15: terpene synthase 7 | D15: B73 0 h | E15: B73 24 h | F15: 1.19275 | G15: 2.52334 | H15: 1.08104 | I15: 1 | L15: GRMZM2G311036 | M15: -1.03246
... A23: GRMZM2G477139 | B23: NA | C23: thaumatin-like protein 1 precursor | D23: B73 0 h | E23: B73 24 h | F23: 0.808515 | G23: 0.0987107 | H23: -3.034 | I23: 1 | L23: GRMZM2G059064 | M23: -1.34657
A24: AC211467.4_FG002 | B24: NA | C24: NA | D24: B73 0 h | E24: B73 24 h | F24: 0 | G24: 1.2871 | H24: BD | I24: BD | L24: GRMZM2G164062 | M24: 1.28924
A25: GRMZM2G162158 | B25: GO:0005506GO:0016491 | C25: leucoanthocyanidin dioxygenase | D25: B73 0 h | E25: B73 24 h | F25: 3.68782 | G25: 1.2954 | H25: -1.50937 | I25: 1 | L25: GRMZM2G134205 | M25: -1.59159
A26: GRMZM2G059064 | B26: NA | C26: vq motif family protein | D26: B73 0 h | E26: B73 24 h | F26: 2.33988 | G26: 0.920102 | H26: -1.34657 | I26: 1 | L26: GRMZM2G359559 | M26: 3.79356
A27: GRMZM2G164062 | B27: GO:0006284GO:0008725 | C27: dna-3-methyladenine glycosylase i | D27: B73 0 h | E27: B73 24 h | F27: 0.69744 | G27: 1.70454 | H27: 1.28924 | I27: 1 | L27: GRMZM2G083538 | M27: 1.05595
A28: GRMZM2G134205 | B28: GO:0004674GO:0006468GO:0004713GO:0005524GO:0005509 | C28: wall-associated kinase 4 | D28: B73 0 h | E28: B73 24 h | F28: 1.37577 | G28: 0.456488 | H28: -1.59159 | I28: 1 | L28: GRMZM2G113165 | M28: 1.0729
A29: GRMZM2G359559 | B29: GO:0008152 | C29: alanine glyoxylate aminotransferase | D29: B73 0 h | E29: B73 24 h | F29: 0.117338 | G29: 1.6271 | H29: 3.79356 | I29: 1 | L29: GRMZM2G448151 | M29: 1.87746
A30: GRMZM2G083538 | B30: GO:0016597GO:0008152 | C30: amino acid binding | D30: B73 0 h | E30: B73 24 h | F30: 0.383311 | G30: 0.796938 | H30: 1.05595 | I30: 1 | L30: GRMZM2G448389 | M30: 1.84064
A31: GRMZM2G113165 | B31: NA | C31: carbonic anhydrase precursor | D31: B73 0 h | E31: B73 24 h | F31: 1.27573 | G31: 2.6837 | H31: 1.0729 | I31: 1 | L31: GRMZM2G048522 | M31: -2.27628
A32: GRMZM2G448151 | B32: GO:0003735GO:0015935GO:0006412GO:0003723 | C32: ribosomal protein s3 | D32: B73 0 h | E32: B73 24 h | F32: 4.09265 | G32: 15.0375 | H32: 1.87746 | I32: 1 | L32: GRMZM2G059397 | M32: -1.18182
A33: GRMZM2G448389 | B33: GO:0045261GO:0015986GO:0046961GO:0046933 | C33: atp synthase cf1 beta subunit | D33: B73 0 h | E33: B73 24 h | F33: 0.708192 | G33: 2.53652 | H33: 1.84064 | I33: 1 | L33: GRMZM2G450498 | M33: -1.66661
A34: GRMZM2G048522 | B34: NA | C34: cinnamyl alcohol dehydrogenase | D34: B73 0 h | E34: B73 24 h | F34: 0.925912 | G34: 0.191135 | H34: -2.27628 | I34: 1 | L34: GRMZM2G046700 | M34: -2.09487
A35: GRMZM2G059397 | B35: GO:0016021 | C35: senescence-associated protein | D35: B73 0 h | E35: B73 24 h | F35: 2.72801 | G35: 1.20249 | H35: -1.18182 | I35: 1 | L35: GRMZM5G827939 | M35: 2.02004
A36: GRMZM2G450498 | B36: GO:0006520GO:0030170 | C36: o-succinylhomoserine sulfhydrylase | D36: B73 0 h | E36: B73 24 h | F36: 81.4459 | G36: 25.6549 | H36: -1.66661 | I36: 1 | L36: GRMZM5G859316 | M36: -1.71625
... A69: GRMZM2G313104 | B69: GO:0050825GO:0042309GO:0050826 | C69: hypothetical protein SORBIDRAFT_01g032640 | D69: B73 0 h | E69: B73 24 h | F69: 3.14931 | G69: 1.2176 | H69: -1.37099 | I69: 1 | L69: GRMZM2G176595 | M69: 1.14279
A70: GRMZM2G425430 | B70: GO:0003700GO:0043565GO:0005634GO:0045449 | C70: wrky dna binding domain containing expressed | D70: B73 0 h | E70: B73 24 h | F70: 0 | G70: 0.862332 | H70: BD | I70: BD | L70: GRMZM2G159587 | M70: -1.14693
A71: GRMZM2G028821 | B71: GO:0005737GO:0004364GO:0008152 | C71: glutathione s-transferase | D71: B73 0 h | E71: B73 24 h | F71: 21.9374 | G71: 61.7892 | H71: 1.49396 | I71: 1 | L71: GRMZM2G004572 | M71: -1.03027
A72: GRMZM2G154565 | B72: NA | C72: hypothetical protein SORBIDRAFT_01g029090 | D72: B73 0 h | E72: B73 24 h | F72: 0.912249 | G72: 0.340232 | H72: -1.42291 | I72: 1 | L72: AC190763.3_FG002 | M72: 1.53992
A73: GRMZM2G176595 | B73: GO:0005576GO:0019953 | C73: beta-expansin 1a precursor | D73: B73 0 h | E73: B73 24 h | F73: 1.67894 | G73: 3.70723 | H73: 1.14279 | I73: 1 | L73: GRMZM2G130149 | M73: 1.11458
A74: GRMZM2G159587 | B74: GO:0005737GO:0051287GO:0006520GO:0016616GO:0005525 | C74: glyoxylate reductase | D74: B73 0 h | E74: B73 24 h | F74: 8.85601 | G74: 3.99925 | H74: -1.14693 | I74: 1 | L74: GRMZM2G136372 | M74: -4.38372
A75: GRMZM2G004572 | B75: GO:0006468GO:0004674GO:0004713GO:0005515GO:0005524GO:0031177 | C75: strubbelig-receptor family 6 | D75: B73 0 h | E75: B73 24 h | F75: 1.93596 | G75: 0.947882 | H75: -1.03027 | I75: 1 | L75: GRMZM2G402631 | M75: -1.53391
A76: AC190763.3_FG002 | B76: GO:0003887GO:0006260GO:0003677 | C76: NA | D76: B73 0 h | E76: B73 24 h | F76: 1.9573 | G76: 5.69139 | H76: 1.53992 | I76: 1 | L76: GRMZM5G893912 | M76: -2.22048
A77: GRMZM2G130149 | B77: GO:0003677 | C77: myb transcription factor | D77: B73 0 h | E77: B73 24 h | F77: 4.22049 | G77: 9.13871 | H77: 1.11458 | I77: 1 | L77: GRMZM2G023847 | M77: -1.12984
A78: GRMZM2G136372 | B78: NA | C78: pathogenesis-related protein 5 | D78: B73 0 h | E78: B73 24 h | F78: 17.7075 | G78: 0.848256 | H78: -4.38372 | I78: 1 | L78: GRMZM2G137861 | M78: -1.67215
A79: GRMZM2G402631 | B79: NA | C79: thaumatin-like protein | D79: B73 0 h | E79: B73 24 h | F79: 720.698 | G79: 248.887 | H79: -1.53391 | I79: 1 | L79: GRMZM2G362303 | M79: -1.13041
A80: GRMZM5G893912 | B80: NA | C80: cell division protein aaa atpase family | D80: B73 0 h | E80: B73 24 h | F80: 13.6948 | G80: 2.9385 | H80: -2.22048 | I80: 1 | L80: GRMZM2G020631 | M80: -1.11384
A81: GRMZM2G023847 | B81: GO:0005507GO:0009055 | C81: blue copper protein precursor | D81: B73 0 h | E81: B73 24 h | F81: 10.9 | G81: 4.98096 | H81: -1.12984 | I81: 1 | L81: AC209845.4_FG010 | M81: 1.18512
A82: GRMZM2G137861 | B82: GO:0004674GO:0006468GO:0004713GO:0005524 | C82: wall-associated receptor kinase 4-like | D82: B73 0 h | E82: B73 24 h | F82: 4.67281 | G82: 1.46626 | H82: -1.67215 | I82: 1 | L82: NDHK | M82: 1.05292
... A108: GRMZM2G006047 | B108: GO:0006869GO:0050825GO:0008289GO:0042309GO:0050826 | C108: protein | D108: B73 0 h | E108: B73 24 h | F108: 2.29921 | G108: 0.849812 | H108: -1.43592 | I108: 1 | L108: GRMZM2G381441 | M108: -1.29187
A109: GRMZM2G478779 | B109: GO:0006139GO:0005524GO:0005515GO:0019205 | C109: actin | D109: B73 0 h | E109: B73 24 h | F109: 0 | G109: 0.996515 | H109: BD | I109: BD | L109: GRMZM2G004060 | M109: 1.1467
A110: GRMZM2G448925 | B110: GO:0016021GO:0007186 | C110: ww domain-binding protein 11 | D110: B73 0 h | E110: B73 24 h | F110: 4.54227 | G110: 1.65735 | H110: -1.45454 | I110: 1 | L110: GRMZM2G048175 | M110: 1.32872
A111: GRMZM2G139250 | B111: GO:0005634GO:0003677GO:0006355GO:0050825GO:0042309GO:0050826GO:0004879 | C111: unknown | D111: B73 0 h | E111: B73 24 h | F111: 16.055 | G111: 7.47323 | H111: -1.10322 | I111: 1 | L111: GRMZM2G091891 | M111: -1.92757
A112: AC191575.2_FG001 | B112: GO:0006508GO:0004190 | C112: NA | D112: B73 0 h | E112: B73 24 h | F112: 0.399152 | G112: 1.2174 | H112: 1.6088 | I112: 1 | L112: GRMZM2G178817 | M112: -1.47732
A113: GRMZM2G381441 | B113: GO:0003700GO:0006355 | C113: ethylene-responsive transcription factor | D113: B73 0 h | E113: B73 24 h | F113: 2.34788 | G113: 0.958923 | H113: -1.29187 | I113: 1 | L113: SPP2 | M113: -1.18257
A114: GRMZM2G004060 | B114: GO:0003700GO:0043565GO:0005634GO:0045449 | C114: wrky-type transcription factor 45-2 | D114: B73 0 h | E114: B73 24 h | F114: 81.5665 | G114: 180.593 | H114: 1.1467 | I114: 1 | L114: GRMZM5G897005 | M114: 1.56178
A115: GRMZM2G048175 | B115: GO:0015629GO:0016021GO:0005198GO:0004969GO:0007155GO:0007186 | C115: transposon en spm sub- expressed | D115: B73 0 h | E115: B73 24 h | F115: 0.723758 | G115: 1.81793 | H115: 1.32872 | I115: 1 | L115: GRMZM2G177203 | M115: 1.18753
A116: GRMZM2G091891 | B116: NA | C116: ureide permease expressed | D116: B73 0 h | E116: B73 24 h | F116: 1.3248 | G116: 0.348252 | H116: -1.92757 | I116: 1 | L116: GRMZM2G159811 | M116: -1.82976
A117: GRMZM2G178817 | B117: GO:0048046GO:0030145GO:0045735 | C117: germin-like protein subfamily 1 member 8 expressed | D117: B73 0 h | E117: B73 24 h | F117: 1.55937 | G117: 0.560057 | H117: -1.47732 | I117: 1 | L117: GRMZM2G034206 | M117: 1.43091
A118: SPP2 | B118: NA | C118: NA | D118: B73 0 h | E118: B73 24 h | F118: 8.66707 | G118: 3.81841 | H118: -1.18257 | I118: 1 | L118: GRMZM2G132875 | M118: -2.05141
A119: GRMZM5G897005 | B119: NA | C119: rust resistance kinase lr10 | D119: B73 0 h | E119: B73 24 h | F119: 0.89726 | G119: 2.64887 | H119: 1.56178 | I119: 1 | L119: AC233888.1_FG001 | M119: 1.09715
A120: GRMZM2G177203 | B120: NA | C120: protein | D120: B73 0 h | E120: B73 24 h | F120: 0.57697 | G120: 1.31413 | H120: 1.18753 | I120: 1 | L120: GRMZM2G043813 | M120: 1.23463
A121: GRMZM2G159811 | B121: GO:0006470GO:0008287GO:0004722 | C121: protein phosphatase 2c | D121: B73 0 h | E121: B73 24 h | F121: 2.664 | G121: 0.749417 | H121: -1.82976 | I121: 1 | L121: GRMZM5G828581 | M121: -1.083
... A162: AC177924.2_FG003 | B162: NA | C162: NA | D162: B73 0 h | E162: B73 24 h | F162: 127.738 | G162: 57.2248 | H162: -1.15847 | I162: 1 | L162: GRMZM2G170452 | M162: 1.02109
A163: GRMZM2G019085 | B163: NA | C163: NA | D163: B73 0 h | E163: B73 24 h | F163: 0 | G163: 2.12714 | H163: BD | I163: BD | L163: GRMZM2G115451 | M163: -1.9288
A164: GRMZM5G807110 | B164: NA | C164: uncharacterized protein LOC100382421 | D164: B73 0 h | E164: B73 24 h | F164: 0 | G164: 1.44764 | H164: BD | I164: BD | L164: GRMZM2G113033 | M164: 1.04036
A165: GRMZM2G178486 | B165: GO:0008270GO:0005515 | C165: protein | D165: B73 0 h | E165: B73 24 h | F165: 3.70753 | G165: 0.808814 | H165: -2.19658 | I165: 1 | L165: GRMZM2G044493 | M165: -1.65118
A166: GRMZM2G074083 | B166: NA | C166: protein | D166: B73 0 h | E166: B73 24 h | F166: 10.7771 | G166: 22.2104 | H166: 1.04326 | I166: 1 | L166: GRMZM2G703214 | M166: -1.17398
A167: GRMZM2G108597 | B167: NA | C167: amino acid transporter | D167: B73 0 h | E167: B73 24 h | F167: 0.924113 | G167: 0.358377 | H167: -1.36659 | I167: 1 | L167: GRMZM2G069602 | M167: -1.17246
A168: GRMZM2G088778 | B168: NA | C168: ankyrin repeat family expressed | D168: B73 0 h | E168: B73 24 h | F168: 1.04408 | G168: 0.11433 | H168: -3.19096 | I168: 1 | L168: GRMZM2G044472 | M168: 1.67285
A169: GRMZM2G170452 | B169: NA | C169: NA | D169: B73 0 h | E169: B73 24 h | F169: 7.25181 | G169: 14.7172 | H169: 1.02109 | I169: 1 | L169: GRMZM2G329047 | M169: 1.2391
A170: GRMZM2G115451 | B170: GO:0005978GO:0004135 | C170: neutral alkaline expressed | D170: B73 0 h | E170: B73 24 h | F170: 5.4651 | G170: 1.4354 | H170: -1.9288 | I170: 1 | L170: GRMZM2G340534 | M170: 1.39393
A171: GRMZM2G113033 | B171: GO:0015977GO:0016984 | C171: ribulose- -bisphosphate carboxylase oxygenase small subunit | D171: B73 0 h | E171: B73 24 h | F171: 938.846 | G171: 1930.97 | H171: 1.04036 | I171: 1 | L171: GRMZM2G013781 | M171: -2.88892
A172: GRMZM2G044493 | B172: NA | C172: unknown | D172: B73 0 h | E172: B73 24 h | F172: 3.08724 | G172: 0.982911 | H172: -1.65118 | I172: 1 | L172: GRMZM2G105250 | M172: -1.78342
A173: GRMZM2G703214 | B173: NA | C173: uncharacterized protein LOC100383091 | D173: B73 0 h | E173: B73 24 h | F173: 1.70924 | G173: 0.757528 | H173: -1.17398 | I173: 1 | L173: GRMZM2G175874 | M173: -1.40978
A174: GRMZM2G069602 | B174: NA | C174: uncharacterized protein LOC100383091 | D174: B73 0 h | E174: B73 24 h | F174: 1.94639 | G174: 0.863545 | H174: -1.17246 | I174: 1 | L174: GRMZM2G137864 | M174: 1.14919
A175: GRMZM2G044472 | B175: GO:0004607GO:0006629 | C175: acyltransferase ( kd) | D175: B73 0 h | E175: B73 24 h | F175: 0.530559 | G175: 1.69165 | H175: 1.67285 | I175: 1 | L175: GRMZM2G113370 | M175: -1.30814
A176: GRMZM2G329047 | B176: GO:0009522GO:0015979 | C176: photosystem i reaction center subunit v | D176: B73 0 h | E176: B73 24 h | F176: 1241.23 | G176: 2929.94 | H176: 1.2391 | I176: 1 | L176: GRMZM2G340048 | M176: -1.26216
... A203: GRMZM2G126062 | B203: GO:0055114GO:0016491 | C203: aldose reductase | D203: B73 0 h | E203: B73 24 h | F203: 9.89884 | G203: 3.2591 | H203: -1.60278 | I203: 1 | L203: GRMZM2G071744 | M203: -1.083
A204: GRMZM2G157869 | B204: NA | C204: hypersensitive-induced response protein | D204: B73 0 h | E204: B73 24 h | F204: 0 | G204: 1.16416 | H204: BD | I204: BD | L204: GRMZM2G041493 | M204: -1.57963
A205: GRMZM2G437912 | B205: GO:0004664GO:0009094 | C205: arogenate dehydratase prephenate dehydratase chloroplastic-like | D205: B73 0 h | E205: B73 24 h | F205: 12.7761 | G205: 5.40349 | H205: -1.24149 | I205: 1 | L205: GRMZM2G143403 | M205: 3.32428
A206: GRMZM2G032430 | B206: GO:0030001GO:0016021GO:0046872GO:0007186 | C206: pi21 protein | D206: B73 0 h | E206: B73 24 h | F206: 51.4362 | G206: 116.819 | H206: 1.18343 | I206: 1 | L206: GRMZM5G863076 | M206: -1.59801
A207: GRMZM2G479546 | B207: NA | C207: nodulin-like protein | D207: B73 0 h | E207: B73 24 h | F207: 1.62217 | G207: 3.6161 | H207: 1.15651 | I207: 1 | L207: GRMZM2G333095 | M207: -1.74118
A208: GRMZM2G097802 | B208: GO:0005737GO:0004812GO:0005524GO:0006418 | C208: amino acid permease | D208: B73 0 h | E208: B73 24 h | F208: 0.831503 | G208: 1.91486 | H208: 1.20345 | I208: 1 | L208: GRMZM2G055883 | M208: -1.11993
A209: GRMZM2G334336 | B209: GO:0016758GO:0008152 | C209: indole-3-acetate beta-glucosyltransferase | D209: B73 0 h | E209: B73 24 h | F209: 2.0934 | G209: 0.172749 | H209: -3.5991 | I209: 1 | L209: AC210204.3_FG002 | M209: -1.17577
A210: GRMZM2G131912 | B210: NA | C210: probable pectate lyase 15-like | D210: B73 0 h | E210: B73 24 h | F210: 2.81483 | G210: 5.67835 | H210: 1.01242 | I210: 1 | L210: GRMZM2G474459 | M210: 1.25494
A211: GRMZM2G071744 | B211: NA | C211: uncharacterized protein LOC100192613 | D211: B73 0 h | E211: B73 24 h | F211: 1.50282 | G211: 0.709403 | H211: -1.083 | I211: 1 | L211: GRMZM2G082487 | M211: -1.17721
A212: GRMZM2G041493 | B212: GO:0004969GO:0016021GO:0007186 | C212: NA | D212: B73 0 h | E212: B73 24 h | F212: 8.3037 | G212: 2.77815 | H212: -1.57963 | I212: 1 | L212: GRMZM2G034848 | M212: 1.73919
A213: GRMZM2G143403 | B213: GO:0008270GO:0003676 | C213: protein | D213: B73 0 h | E213: B73 24 h | F213: 0.449578 | G213: 4.5031 | H213: 3.32428 | I213: 1 | L213: GRMZM2G110412 | M213: -1.16397
A214: GRMZM5G863076 | B214: NA | C214: integral membrane family protein | D214: B73 0 h | E214: B73 24 h | F214: 47.1947 | G214: 15.59 | H214: -1.59801 | I214: 1 | L214: GRMZM2G125775 | M214: -1.5299
A215: GRMZM2G333095 | B215: NA | C215: uncharacterized protein LOC100277591 | D215: B73 0 h | E215: B73 24 h | F215: 10.1254 | G215: 3.02875 | H215: -1.74118 | I215: 1 | L215: GRMZM2G100372 | M215: -1.14726
A216: GRMZM2G055883 | B216: GO:0003924GO:0005525 | C216: dynamin-related protein 1e | D216: B73 0 h | E216: B73 24 h | F216: 10.9133 | G216: 5.02139 | H216: -1.11993 | I216: 1 | L216: GRMZM2G081529 | M216: 1.26381
... A225: GRMZM2G083504 | B225: GO:0005634GO:0045449GO:0030528 | C225: bhlh transcription factor | D225: B73 0 h | E225: B73 24 h | F225: 2.51153 | G225: 6.02583 | H225: 1.26259 | I225: 1 | L225: GRMZM2G160515 | M225: -1.77481
A226: AC233910.1_FG003 | B226: GO:0003735GO:0006412GO:0006464GO:0005840 | C226: NA | D226: B73 0 h | E226: B73 24 h | F226: 0.77188 | G226: 0 | H226: BD | I226: BD | L226: GRMZM2G372058 | M226: -1.07925
A227: GRMZM5G834303 | B227: NA | C227: cytokinin-o-glucosyltransferase 2 | D227: B73 0 h | E227: B73 24 h | F227: 21.1078 | G227: 5.27302 | H227: -2.00107 | I227: 1 | L227: GRMZM2G099678 | M227: 1.29895
A228: GRMZM2G125850 | B228: GO:0005215GO:0016021GO:0006810GO:0050825GO:0042309GO:0050826 | C228: glucose-6-phosphate translocator | D228: B73 0 h | E228: B73 24 h | F228: 11.4013 | G228: 2.57011 | H228: -2.1493 | I228: 1 | L228: GRMZM2G386590 | M228: -1.17903
A229: GRMZM2G140231 | B229: GO:0004674GO:0006468GO:0004713GO:0005524 | C229: protein | D229: B73 0 h | E229: B73 24 h | F229: 4.09169 | G229: 1.2051 | H229: -1.76354 | I229: 1 | L229: AC233853.1_FG003 | M229: -1.13273
A230: GRMZM2G365160 | B230: GO:0003849GO:0009073 | C230: 3-deoxy-d-arabino heptulosonate-7-phosphate synthase | D230: B73 0 h | E230: B73 24 h | F230: 42.7493 | G230: 10.098 | H230: -2.08184 | I230: 1 | L230: GRMZM2G413857 | M230: 2.00624
A231: GRMZM2G322618 | B231: GO:0004965GO:0016021GO:0007186 | C231: glycoprotein membrane precursor gpi-anchored protein | D231: B73 0 h | E231: B73 24 h | F231: 13.6903 | G231: 6.72597 | H231: -1.02534 | I231: 1 | L231: GRMZM2G380319 | M231: -1.31713
A232: GRMZM2G163826 | B232: GO:0016308GO:0046488GO:0005524 | C232: protein | D232: B73 0 h | E232: B73 24 h | F232: 0.667815 | G232: 1.57929 | H232: 1.24175 | I232: 1 | L232: GRMZM2G305900 | M232: -1.79553
A233: GRMZM2G056329 | B233: GO:0005524 | C233: csplb_sorbi ame: full=casp-like protein sb05g019440 | D233: B73 0 h | E233: B73 24 h | F233: 62.4275 | G233: 26.4007 | H233: -1.2416 | I233: 1 | L233: GRMZM2G065471 | M233: -2.39548
A234: GRMZM2G160515 | B234: NA | C234: 0 | D234: B73 0 h | E234: B73 24 h | F234: 6.14081 | G234: 1.79455 | H234: -1.77481 | I234: 1 | L234: GRMZM2G471517 | M234: 1.83214
A235: GRMZM2G372058 | B235: GO:0005515 | C235: leucine rich repeat family expressed | D235: B73 0 h | E235: B73 24 h | F235: 11.8808 | G235: 5.62287 | H235: -1.07925 | I235: 1 | L235: IRL | M235: -1.11632
A236: GRMZM2G099678 | B236: NA | C236: bark storage protein a-like | D236: B73 0 h | E236: B73 24 h | F236: 0.638452 | G236: 1.57091 | H236: 1.29895 | I236: 1 | L236: GRMZM2G422782 | M236: -1.04619
A237: GRMZM2G386590 | B237: NA | C237: 14-3-3-like protein a | D237: B73 0 h | E237: B73 24 h | F237: 4.72694 | G237: 2.08764 | H237: -1.17903 | I237: 1 | L237: GRMZM2G454056 | M237: 1.06782
A238: AC233853.1_FG003 | B238: GO:0004497GO:0020037GO:0009055 | C238: NA | D238: B73 0 h | E238: B73 24 h | F238: 1.74825 | G238: 0.797291 | H238: -1.13273 | I238: 1 | L238: GRMZM2G136106 | M238: 1.10316
...

Sheet Mo17 6 h
A1: Table S3.Differentially expressed genes in response to R. padi feeding in B73 and Mo17 | L1: log2(fold_change)
A2: Mo17 0 h:No aphid treatment on Mo17 ,Mo17 6 h: Aphid treatment Mo17 for 6 h; NA：no annotation.BD: numerator or denominator is below of detection | K2: GRMZM2G055698 | L2: -1.65835
A3: gene | B3: GO term | C3: Description | D3: sample_1 | E3: sample_2 | F3: value_1 | G3: value_2 | H3: log2(fold_change) | K3: GRMZM2G030567 | L3: -1.05998
A4: GRMZM2G055698 | B4: GO:0016021 | C4: membrane protein | D4: Mo17 0 h | E4: Mo17 6 h | F4: 2.33823 | G4: 0.740756 | H4: -1.65835 | I4: 1 | K4: GRMZM2G099454 | L4: 1.08074
A5: GRMZM2G030567 | B5: NA | C5: hypothetical protein SORBIDRAFT_01g049390 | D5: Mo17 0 h | E5: Mo17 6 h | F5: 3.82485 | G5: 1.83454 | H5: -1.05998 | I5: 1 | K5: GRMZM2G018579 | L5: -1.38196
A6: GRMZM2G099454 | B6: GO:0004568GO:0006032GO:0016998 | C6: basic endochitinase c precursor | D6: Mo17 0 h | E6: Mo17 6 h | F6: 1.62533 | G6: 3.43778 | H6: 1.08074 | I6: 1 | K6: GRMZM2G417835 | L6: 2.77368
A7: GRMZM2G018579 | B7: NA | C7: protein | D7: Mo17 0 h | E7: Mo17 6 h | F7: 15.9681 | G7: 6.12693 | H7: -1.38196 | I7: 1 | K7: GRMZM5G838098 | L7: 1.49033
A8: GRMZM2G417835 | B8: GO:0016021GO:0007186GO:0004937 | C8: vq motif family protein | D8: Mo17 0 h | E8: Mo17 6 h | F8: 0.13027 | G8: 0.890852 | H8: 2.77368 | I8: 1 | K8: GRMZM5G815358 | L8: -1.27897
A9: GRMZM5G838098 | B9: NA | C9: protein tify 10a-like | D9: Mo17 0 h | E9: Mo17 6 h | F9: 0.965649 | G9: 2.71302 | H9: 1.49033 | I9: 1 | K9: GRMZM2G055101 | L9: -1.06425
A10: GRMZM5G815358 | B10: NA | C10: uncharacterized protein LOC100274071 | D10: Mo17 0 h | E10: Mo17 6 h | F10: 38.8951 | G10: 16.0282 | H10: -1.27897 | I10: 1 | K10: GRMZM2G013430 | L10: 1.06661
A11: GRMZM2G055101 | B11: GO:0005975GO:0004553 | C11: endo- -beta-xylanase c | D11: Mo17 0 h | E11: Mo17 6 h | F11: 1.35022 | G11: 0.645704 | H11: -1.06425 | I11: 1 | K11: GRMZM2G155242 | L11: 1.2726
A12: GRMZM2G013430 | B12: GO:0005737GO:0006535GO:0050825GO:0042309GO:0050826GO:0009001 | C12: serine acetyltransferase mitochondrial | D12: Mo17 0 h | E12: Mo17 6 h | F12: 0.988507 | G12: 2.07043 | H12: 1.06661 | I12: 1 | K12: GRMZM2G012758 | L12: 1.06455
A13: GRMZM2G155242 | B13: GO:0004512GO:0006021GO:0005488GO:0008654 | C13: inositol-3-phosphate synthase | D13: Mo17 0 h | E13: Mo17 6 h | F13: 5.01818 | G13: 12.1237 | H13: 1.2726 | I13: 1 | K13: GRMZM2G149647 | L13: 1.60209
A14: GRMZM2G012758 | B14: GO:0005975GO:0004553 | C14: glucan endo- -beta-glucosidase 7-like | D14: Mo17 0 h | E14: Mo17 6 h | F14: 11.6166 | G14: 24.2963 | H14: 1.06455 | I14: 1 | K14: RPS20 | L14: 1.03609
A15: GRMZM2G149647 | B15: NA | C15: heat-shock protein | D15: Mo17 0 h | E15: Mo17 6 h | F15: 1.11351 | G15: 3.38041 | H15: 1.60209 | I15: 1 | K15: GRMZM2G341309 | L15: 1.87857
... A75: GRMZM2G178852 | B75: GO:0050825GO:0042309GO:0050826 | C75: uncharacterized protein LOC100277616 | D75: Mo17 0 h | E75: Mo17 6 h | F75: 0.653669 | G75: 1.36274 | H75: 1.05988 | I75: 1 | K75: GRMZM2G139852 | L75: -1.66207
A76: GRMZM2G380789 | B76: GO:0016021 | C76: heptahelical protein 4 | D76: Mo17 0 h | E76: Mo17 6 h | F76: 0 | G76: 0.772956 | H76: BD | I76: BD | K76: GRMZM5G818431 | L76: 1.03301
A77: GRMZM2G153920 | B77: GO:0022891GO:0016021GO:0055085 | C77: sorbitol transporter | D77: Mo17 0 h | E77: Mo17 6 h | F77: 1.67006 | G77: 4.75752 | H77: 1.51031 | I77: 1 | K77: GRMZM2G077942 | L77: 1.13974
A78: GRMZM2G139852 | B78: NA | C78: integral membrane family protein | D78: Mo17 0 h | E78: Mo17 6 h | F78: 1.17637 | G78: 0.371714 | H78: -1.66207 | I78: 1 | K78: AC177947.2_FG003 | L78: -1.38687
A79: GRMZM5G818431 | B79: NA | C79: atp binding | D79: Mo17 0 h | E79: Mo17 6 h | F79: 4.09613 | G79: 8.38187 | H79: 1.03301 | I79: 1 | K79: GRMZM2G149636 | L79: 1.41172
A80: GRMZM2G077942 | B80: GO:0003779GO:0005622 | C80: actin-depolymerizing factor 5 | D80: Mo17 0 h | E80: Mo17 6 h | F80: 25.6743 | G80: 56.571 | H80: 1.13974 | I80: 1 | K80: GRMZM2G042253 | L80: -1.25474
A81: AC177947.2_FG003 | B81: NA | C81: NA | D81: Mo17 0 h | E81: Mo17 6 h | F81: 1.95966 | G81: 0.749362 | H81: -1.38687 | I81: 1 | K81: GRMZM2G321033 | L81: 1.52037
A82: GRMZM2G149636 | B82: GO:0006633GO:0016020GO:0008415 | C82: 3-ketoacyl- synthase 1 | D82: Mo17 0 h | E82: Mo17 6 h | F82: 7.37233 | G82: 19.6144 | H82: 1.41172 | I82: 1 | K82: GRMZM2G102483 | L82: 1.10906
A83: GRMZM2G042253 | B83: GO:0005737GO:0006457GO:0005524GO:0005515 | C83: ru large subunit-binding protein subunit chloroplastic-like | D83: Mo17 0 h | E83: Mo17 6 h | F83: 57.593 | G83: 24.1354 | H83: -1.25474 | I83: 1 | K83: GRMZM2G136513 | L83: 1.13635
A84: GRMZM2G321033 | B84: GO:0004497GO:0020037GO:0009055 | C84: cytochrome p450 family expressed | D84: Mo17 0 h | E84: Mo17 6 h | F84: 0.440711 | G84: 1.26425 | H84: 1.52037 | I84: 1 | K84: GRMZM5G883632 | L84: -1.06668
A85: GRMZM2G102483 | B85: NA | C85: 39 kda ef-hand containing expressed | D85: Mo17 0 h | E85: Mo17 6 h | F85: 2.3792 | G85: 5.13206 | H85: 1.10906 | I85: 1 | K85: GRMZM2G043878 | L85: 2.47032
A86: GRMZM2G136513 | B86: GO:0006915GO:0017111GO:0005515GO:0005524 | C86: nb-arc domain containing expressed | D86: Mo17 0 h | E86: Mo17 6 h | F86: 0.52422 | G86: 1.15236 | H86: 1.13635 | I86: 1 | K86: GRMZM2G338037 | L86: 1.37713
A87: GRMZM5G883632 | B87: NA | C87: protein faf- chloroplastic-like | D87: Mo17 0 h | E87: Mo17 6 h | F87: 2.24596 | G87: 1.07226 | H87: -1.06668 | I87: 1 | K87: GRMZM2G010909 | L87: 1.243
A88: GRMZM2G043878 | B88: NA | C88: 33-kda secretory protein | D88: Mo17 0 h | E88: Mo17 6 h | F88: 0.676128 | G88: 3.74689 | H88: 2.47032 | I88: 1 | K88: GRMZM2G089720 | L88: 2.07047
... A130: GRMZM2G043191 | B130: GO:0004437 | C130: type i inositol- -trisphosphate 5-phosphatase 11-like | D130: Mo17 0 h | E130: Mo17 6 h | F130: 1.34727 | G130: 2.87384 | H130: 1.09294 | I130: 1 | K130: GRMZM2G128564 | L130: 1.23599
A131: GRMZM2G004106 | B131: GO:0005507GO:0009055 | C131: chemocyanin precursor | D131: Mo17 0 h | E131: Mo17 6 h | F131: 0 | G131: 2.86138 | H131: BD | I131: BD | K131: GRMZM2G011367 | L131: -1.22842
A132: GRMZM2G004160 | B132: GO:0005507GO:0009055 | C132: chemocyanin precursor | D132: Mo17 0 h | E132: Mo17 6 h | F132: 0.776626 | G132: 3.2541 | H132: 2.06697 | I132: 1 | K132: GRMZM2G039278 | L132: 1.03587
A133: GRMZM2G054361 | B133: GO:0016847GO:0009058GO:0030170GO:0016769 | C133: NA | D133: Mo17 0 h | E133: Mo17 6 h | F133: 2.77873 | G133: 6.61661 | H133: 1.25166 | I133: 1 | K133: GRMZM2G427697 | L133: -1.38817
A134: GRMZM2G128564 | B134: GO:0016747 | C134: hydroxycinnamoyl-coenzyme a shikimate quinate hydroxycinnamoyltransferase-like | D134: Mo17 0 h | E134: Mo17 6 h | F134: 3.81942 | G134: 8.99639 | H134: 1.23599 | I134: 1 | K134: GRMZM2G093776 | L134: 1.09722
A135: GRMZM2G011367 | B135: NA | C135: hypothetical protein | D135: Mo17 0 h | E135: Mo17 6 h | F135: 87.256 | G135: 37.2395 | H135: -1.22842 | I135: 1 | K135: GRMZM5G883969 | L135: 1.16615
A136: GRMZM2G039278 | B136: GO:0004497GO:0020037GO:0009055 | C136: cytochrome p450 | D136: Mo17 0 h | E136: Mo17 6 h | F136: 5.80953 | G136: 11.9116 | H136: 1.03587 | I136: 1 | K136: GRMZM2G044317 | L136: -1.23868
A137: GRMZM2G427697 | B137: NA | C137: unknown | D137: Mo17 0 h | E137: Mo17 6 h | F137: 14.713 | G137: 5.6211 | H137: -1.38817 | I137: 1 | K137: GRMZM5G839644 | L137: 1.57574
A138: GRMZM2G093776 | B138: GO:0006508GO:0004197 | C138: protein phosphatase 2c 23 | D138: Mo17 0 h | E138: Mo17 6 h | F138: 1.00902 | G138: 2.15872 | H138: 1.09722 | I138: 1 | K138: GRMZM2G565911 | L138: 1.84943
A139: GRMZM5G883969 | B139: NA | C139: unknown | D139: Mo17 0 h | E139: Mo17 6 h | F139: 0.623367 | G139: 1.39891 | H139: 1.16615 | I139: 1 | K139: GRMZM5G816432 | L139: 1.06999
A140: GRMZM2G044317 | B140: GO:0005658GO:0006269GO:0003896 | C140: dna primase large subunit | D140: Mo17 0 h | E140: Mo17 6 h | F140: 1.76997 | G140: 0.750044 | H140: -1.23868 | I140: 1 | K140: GRMZM2G146981 | L140: -1.03139
A141: GRMZM5G839644 | B141: NA | C141: protein kinase xa21 | D141: Mo17 0 h | E141: Mo17 6 h | F141: 0.390666 | G141: 1.16453 | H141: 1.57574 | I141: 1 | K141: GRMZM2G419166 | L141: -1.03653
A142: GRMZM2G565911 | B142: NA | C142: protein binding | D142: Mo17 0 h | E142: Mo17 6 h | F142: 0.435699 | G142: 1.57007 | H142: 1.84943 | I142: 1 | K142: GRMZM2G079925 | L142: -1.08639
A143: GRMZM5G816432 | B143: NA | C143: uracil phosphoribosyltransferase | D143: Mo17 0 h | E143: Mo17 6 h | F143: 4.19995 | G143: 8.81748 | H143: 1.06999 | I143: 1 | K143: GRMZM2G020054 | L143: 1.57079
... A297: GRMZM2G372068 | B297: GO:0016758GO:0008152 | C297: hydroquinone glucosyltransferase | D297: Mo17 0 h | E297: Mo17 6 h | F297: 5.49637 | G297: 2.59351 | H297: -1.08357 | I297: 1 | K297: GRMZM2G475984 | L297: -1.00923
A298: AC190841.2_FG007 | B298: NA | C298: NA | D298: Mo17 0 h | E298: Mo17 6 h | F298: 0 | G298: 1.41369 | H298: BD | I298: BD | K298: GRMZM5G804783 | L298: 1.48511
A299: AC148152.3_FG005 | B299: GO:0016491 | C299: NA | D299: Mo17 0 h | E299: Mo17 6 h | F299: 13.1606 | G299: 5.68118 | H299: -1.21196 | I299: 1 | K299: GRMZM2G048022 | L299: -1.11748
A300: GRMZM2G479717 | B300: NA | C300: hypothetical protein SORBIDRAFT_02g001930 | D300: Mo17 0 h | E300: Mo17 6 h | F300: 5.73647 | G300: 2.31308 | H300: -1.31035 | I300: 1 | K300: GRMZM2G177242 | L300: 1.53678
A301: GRMZM2G055313 | B301: GO:0008375GO:0016020 | C301: core-2 i-branching beta- -n-acetylglucosaminyltransferase family protein | D301: Mo17 0 h | E301: Mo17 6 h | F301: 0.398518 | G301: 0.849709 | H301: 1.09232 | I301: 1 | K301: GRMZM2G140032 | L301: -2.03052
A302: GRMZM2G475984 | B302: GO:0003700GO:0043565GO:0005634GO:0045449 | C302: wrky transcription factor | D302: Mo17 0 h | E302: Mo17 6 h | F302: 2.81433 | G302: 1.39819 | H302: -1.00923 | I302: 1 | K302: AC215260.3_FG003 | L302: 1.07937
A303: GRMZM5G804783 | B303: NA | C303: mini-chromosome maintenance complex-binding | D303: Mo17 0 h | E303: Mo17 6 h | F303: 1.11384 | G303: 3.11806 | H303: 1.48511 | I303: 1 | K303: GRMZM2G177991 | L303: 2.0002
A304: GRMZM2G048022 | B304: NA | C304: hypothetical protein | D304: Mo17 0 h | E304: Mo17 6 h | F304: 3.8254 | G304: 1.76312 | H304: -1.11748 | I304: 1 | K304: GRMZM2G422782 | L304: -1.14408
A305: GRMZM2G177242 | B305: GO:0050825GO:0042309GO:0050826 | C305: arabinogalactan protein | D305: Mo17 0 h | E305: Mo17 6 h | F305: 2.79917 | G305: 8.1217 | H305: 1.53678 | I305: 1 | K305: GRMZM2G081521 | L305: 1.11865
A306: GRMZM2G140032 | B306: GO:0004969GO:0016021GO:0007186 | C306: uncharacterized protein LOC100383606 | D306: Mo17 0 h | E306: Mo17 6 h | F306: 8.72138 | G306: 2.1347 | H306: -2.03052 | I306: 1 | K306: GRMZM5G801307 | L306: 1.3151
A307: AC215260.3_FG003 | B307: GO:0016747 | C307: NA | D307: Mo17 0 h | E307: Mo17 6 h | F307: 2.82795 | G307: 5.97578 | H307: 1.07937 | I307: 1 | K307: GRMZM2G085504 | L307: -1.01469
A308: GRMZM2G177991 | B308: NA | C308: NA | D308: Mo17 0 h | E308: Mo17 6 h | F308: 1.82996 | G308: 7.32083 | H308: 2.0002 | I308: 1 | K308: GRMZM2G001451 | L308: 1.44313
A309: GRMZM2G422782 | B309: NA | C309: uncharacterized protein LOC100272680 | D309: Mo17 0 h | E309: Mo17 6 h | F309: 1.10083 | G309: 0.498102 | H309: -1.14408 | I309: 1 | K309: GRMZM2G454056 | L309: 2.26492
A310: GRMZM2G081521 | B310: NA | C310: protein | D310: Mo17 0 h | E310: Mo17 6 h | F310: 1.95821 | G310: 4.25214 | H310: 1.11865 | I310: 1 | K310: GRMZM2G136106 | L310: -1.346
A311: GRMZM2G108847 | B311: GO:0004867 | C311: serine-type endopeptidase inhibitor | D311: Mo17 0 h | E311: Mo17 6 h | F311: 0 | G311: 2.39929 | H311: BD | I311: BD | K311: GRMZM2G424577 | L311: 1.0109
A312: GRMZM5G801307 | B312: NA | C312: uncharacterized protein LOC100275640 precursor | D312: Mo17 0 h | E312: Mo17 6 h | F312: 2.80626 | G312: 6.98252 | H312: 1.3151 | I312: 1 | K312: GRMZM2G587231 | L312: -1.08094
A313: GRMZM2G085504 | B313: GO:0005507GO:0050825GO:0050826GO:0042309GO:0009055 | C313: early nodulin-like protein 1 precursor | D313: Mo17 0 h | E313: Mo17 6 h | F313: 4.64303 | G313: 2.298 | H313: -1.01469 | I313: 1 | K313: GRMZM2G020423 | L313: 1.27187
A314: GRMZM2G001451 | B314: NA | C314: uncharacterized protein LOC100274211 | D314: Mo17 0 h | E314: Mo17 6 h | F314: 0.31079 | G314: 0.845067 | H314: 1.44313 | I314: 1 | K314: GRMZM2G031167 | L314: 1.09441
A315: GRMZM2G454056 | B315: NA | C315: uncharacterized protein LOC100274968 | D315: Mo17 0 h | E315: Mo17 6 h | F315: 0.828908 | G315: 3.98396 | H315: 2.26492 | I315: 1 | K315: GRMZM2G127789 | L315: 1.16199
A316: GRMZM2G136106 | B316: GO:0042545GO:0005618GO:0030599GO:0050825GO:0042309GO:0050826GO:0004857 | C316: probable pectinesterase pectinesterase inhibitor 40-like | D316: Mo17 0 h | E316: Mo17 6 h | F316: 1.65836 | G316: 0.652368 | H316: -1.346 | I316: 1 | K316: GRMZM2G065585 | L316: 3.67931
A317: GRMZM2G424577 | B317: GO:0006508GO:0004177 | C317: esterase lipase thioesterase family protein | D317: Mo17 0 h | E317: Mo17 6 h | F317: 4.43379 | G317: 8.93484 | H317: 1.0109 | I317: 1 | K317: GRMZM2G329002 | L317: 1.55879
A318: GRMZM2G587231 | B318: NA | C318: uncharacterized protein LOC100383178 | D318: Mo17 0 h | E318: Mo17 6 h | F318: 36.6633 | G318: 17.3315 | H318: -1.08094 | I318: 1 | K318: GRMZM2G329069 | L318: -1.32348
A319: GRMZM2G020423 | B319: NA | C319: jasmonate-induced protein | D319: Mo17 0 h | E319: Mo17 6 h | F319: 1.60328 | G319: 3.87151 | H319: 1.27187 | I319: 1 | K319: GRMZM2G111189 | L319: -1.44681
A320: GRMZM2G031167 | B320: NA | C320: amino acid expressed | D320: Mo17 0 h | E320: Mo17 6 h | F320: 0.705771 | G320: 1.50701 | H320: 1.09441 | I320: 1 | K320: GRMZM2G128928 | L320: -1.70095
A321: GRMZM2G127789 | B321: GO:0005737GO:0004364GO:0008152 | C321: glutathione s-transferase | D321: Mo17 0 h | E321: Mo17 6 h | F321: 5.3833 | G321: 12.046 | H321: 1.16199 | I321: 1 | K321: GRMZM2G054807 | L321: 1.03447
A322: GRMZM2G065585 | B322: GO:0016020GO:0005975GO:0004553 | C322: beta glucanase | D322: Mo17 0 h | E322: Mo17 6 h | F322: 4.20212 | G322: 53.8332 | H322: 3.67931 | I322: 1 | K322: AC204515.4_FG006 | L322: 2.63198
A323: GRMZM2G329002 | B323: NA | C323: pectinacetylesterase precursor | D323: Mo17 0 h | E323: Mo17 6 h | F323: 1.39658 | G323: 4.11441 | H323: 1.55879 | I323: 1 | K323: GRMZM2G321839 | L323: 1.35107
... A456: AC187879.3_FG001 | B456: NA | C456: NA | D456: Mo17 0 h | E456: Mo17 6 h | F456: 14.7215 | G456: 7.25055 | H456: -1.02177 | I456: 1 | K456: GRMZM2G011253 | L456: 1.03716
A457: AC214635.3_FG006 | B457: NA | C457: NA | D457: Mo17 0 h | E457: Mo17 6 h | F457: 0 | G457: 3.48094 | H457: BD | I457: BD | K457: GRMZM2G162007 | L457: -1.03751
A458: GRMZM5G872279 | B458: NA | C458: NA | D458: Mo17 0 h | E458: Mo17 6 h | F458: 7.01561 | G458: 3.24506 | H458: -1.11232 | I458: 1 | K458: GRMZM2G471594 | L458: -1.72891
A459: GRMZM2G160541 | B459: GO:0005737GO:0009058GO:0016841GO:0016211GO:0006559 | C459: phenylalanine ammonia-lyase | D459: Mo17 0 h | E459: Mo17 6 h | F459: 5.4894 | G459: 19.4839 | H459: 1.82756 | I459: 1 | K459: GRMZM2G149422 | L459: -1.23921
A460: GRMZM5G802941 | B460: NA | C460: NA | D460: Mo17 0 h | E460: Mo17 6 h | F460: 14.9101 | G460: 7.33577 | H460: -1.02327 | I460: 1 | K460: GRMZM2G041699 | L460: -1.46502
A461: GRMZM2G038243 | B461: GO:0050660GO:0016491 | C461: transferase family protein | D461: Mo17 0 h | E461: Mo17 6 h | F461: 1.62701 | G461: 3.61107 | H461: 1.15021 | I461: 1 | K461: GRMZM2G115481 | L461: 1.05103
A462: GRMZM2G028438 | B462: GO:0050825GO:0042309GO:0050826 | C462: gras family transcription factor | D462: Mo17 0 h | E462: Mo17 6 h | F462: 6.67644 | G462: 2.85656 | H462: -1.2248 | I462: 1 | K462: GRMZM2G132880 | L462: -3.09724
A463: GRMZM2G011253 | B463: GO:0003735GO:0006412GO:0005840 | C463: 60s ribosomal protein l31a | D463: Mo17 0 h | E463: Mo17 6 h | F463: 5.56397 | G463: 11.4183 | H463: 1.03716 | I463: 1 | K463: GRMZM2G116629 | L463: 1.05062
A464: GRMZM2G162007 | B464: GO:0008270GO:0055114GO:0016491 | C464: quinone oxidoreductase | D464: Mo17 0 h | E464: Mo17 6 h | F464: 1.39287 | G464: 0.678563 | H464: -1.03751 | I464: 1 | K464: GRMZM2G164781 | L464: -2.52484
A465: GRMZM2G471594 | B465: GO:0008107GO:0016020GO:0042546 | C465: galactoside 2-alpha-l-fucosyltransferase | D465: Mo17 0 h | E465: Mo17 6 h | F465: 1.03796 | G465: 0.313132 | H465: -1.72891 | I465: 1 | K465: GRMZM2G332522 | L465: 1.22426
A466: GRMZM2G149422 | B466: NA | C466: phi-1-like phosphate-induced protein | D466: Mo17 0 h | E466: Mo17 6 h | F466: 2.28158 | G466: 0.96649 | H466: -1.23921 | I466: 1 | K466: GRMZM2G033952 | L466: 2.2604
A467: GRMZM2G041699 | B467: GO:0016758GO:0008152 | C467: cytokinin-o-glucosyltransferase 2 | D467: Mo17 0 h | E467: Mo17 6 h | F467: 1.58294 | G467: 0.573388 | H467: -1.46502 | I467: 1 | K467: GRMZM2G033236 | L467: -1.04561
A468: GRMZM2G115481 | B468: NA | C468: gtp binding protein | D468: Mo17 0 h | E468: Mo17 6 h | F468: 1.71551 | G468: 3.55456 | H468: 1.05103 | I468: 1 | K468: GRMZM2G130389 | L468: 1.68977
A469: GRMZM2G132880 | B469: NA | C469: terminal flower 1 | D469: Mo17 0 h | E469: Mo17 6 h | F469: 3.42302 | G469: 0.399989 | H469: -3.09724 | I469: 1 | K469: GRMZM2G045057 | L469: -1.72485
... A622: GRMZM2G371313 | B622: NA | C622: uncharacterized protein LOC100191662 | D622: Mo17 0 h | E622: Mo17 6 h | F622: 2.41236 | G622: 5.59551 | H622: 1.21382 | I622: 1 | K622: GRMZM2G057186 | L622: 1.42576
A623: AC187896.3_FG006 | B623: NA | C623: NA | D623: Mo17 0 h | E623: Mo17 6 h | F623: 0 | G623: 1.87524 | H623: BD | I623: BD | K623: GRMZM2G002630 | L623: -1.77175
A624: GRMZM2G132212 | B624: GO:0004674GO:0006468GO:0005524GO:0005515GO:0004713 | C624: receptor-like protein kinase hsl1-like | D624: Mo17 0 h | E624: Mo17 6 h | F624: 1.14445 | G624: 2.92583 | H624: 1.35419 | I624: 1 | K624: GRMZM2G163406 | L624: 1.60808
A625: GRMZM2G175232 | B625: GO:0003677 | C625: myb-related protein hv33 | D625: Mo17 0 h | E625: Mo17 6 h | F625: 1.22292 | G625: 2.95158 | H625: 1.27116 | I625: 1 | K625: GRMZM2G076329 | L625: 1.34928
A626: GRMZM2G017157 | B626: GO:0004674GO:0006468GO:0004713GO:0005524 | C626: wall-associated kinase 4-like | D626: Mo17 0 h | E626: Mo17 6 h | F626: 0.500023 | G626: 1.41458 | H626: 1.50031 | I626: 1 | K626: GRMZM2G069335 | L626: 1.17851
A627: GRMZM2G113129 | B627: NA | C627: f-box protein at2g16365-like | D627: Mo17 0 h | E627: Mo17 6 h | F627: 10.4371 | G627: 4.89942 | H627: -1.09104 | I627: 1 | K627: GRMZM2G533031 | L627: -1.16569
A628: GRMZM2G454514 | B628: GO:0050825GO:0042309GO:0050826 | C628: hypothetical protein SORBIDRAFT_09g029320 | D628: Mo17 0 h | E628: Mo17 6 h | F628: 0 | G628: 0.898918 | H628: BD | I628: BD | K628: GRMZM2G447347 | L628: 2.27122
A629: GRMZM2G059037 | B629: GO:0000228 | C629: sister chromatid cohesion 1 protein 1 | D629: Mo17 0 h | E629: Mo17 6 h | F629: 0.477483 | G629: 1.41332 | H629: 1.56557 | I629: 1 | K629: GRMZM5G813768 | L629: -1.12768
A630: GRMZM2G458448 | B630: NA | C630: harpin-induced protein | D630: Mo17 0 h | E630: Mo17 6 h | F630: 3.12436 | G630: 6.62161 | H630: 1.08362 | I630: 1 | K630: GRMZM2G039383 | L630: -1.09481
A631: GRMZM2G057186 | B631: GO:0003824 | C631: vtc2-like protein | D631: Mo17 0 h | E631: Mo17 6 h | F631: 22.4083 | G631: 60.2013 | H631: 1.42576 | I631: 1 | K631: GRMZM2G029685 | L631: 1.23909
A632: GRMZM2G002630 | B632: NA | C632: jasmonate-induced protein | D632: Mo17 0 h | E632: Mo17 6 h | F632: 10.6848 | G632: 3.12906 | H632: -1.77175 | I632: 1 | K632: GRMZM2G122302 | L632: 1.57368
A633: GRMZM2G163406 | B633: NA | C633: jasmonate-induced protein | D633: Mo17 0 h | E633: Mo17 6 h | F633: 0.544526 | G633: 1.65997 | H633: 1.60808 | I633: 1 | K633: GRMZM2G064096 | L633: -1.1598
A634: GRMZM2G076329 | B634: GO:0005634GO:0006260GO:0008270GO:0003677 | C634: replication factor a | D634: Mo17 0 h | E634: Mo17 6 h | F634: 0.702245 | G634: 1.78921 | H634: 1.34928 | I634: 1 | K634: DHN1 | L634: -1.28889
A635: GRMZM2G069335 | B635: NA | C635: bon1-associated protein 2-like | D635: Mo17 0 h | E635: Mo17 6 h | F635: 1.2552 | G635: 2.84104 | H635: 1.17851 | I635: 1 | K635: GRMZM2G137535 | L635: -2.97477
A636: GRMZM2G533031 | B636: NA | C636: protein tas-like | D636: Mo17 0 h | E636: Mo17 6 h | F636: 4.12088 | G636: 1.83689 | H636: -1.16569 | I636: 1 | K636: GRMZM2G135165 | L636: 2.46083
A637: GRMZM2G447347 | B637: NA | C637: hypothetical protein SORBIDRAFT_10g002800 | D637: Mo17 0 h | E637: Mo17 6 h | F637: 0.776538 | G637: 3.7486 | H637: 2.27122 | I637: 1 | K637: GRMZM2G399495 | L637: 1.38412
...

Sheet Mo17 24 h
A1: Table S3. Differentially expressed genes in response to R. padi feeding in B73 and Mo17 | L1: log2(fold_change)
A2: Mo17 0 h:No aphid treatment on Mo17 ,Mo17 24 h: Aphid treatment Mo17 for 24 h; NA：no annotation.BD: numerator or denominator is below of detection | K2: GRMZM2G392863 | L2: 1.09577
A3: gene | B3: GO term | C3: Description | D3: sample_1 | E3: sample_2 | F3: value_1 | G3: value_2 | H3: log2(fold_change) | K3: GRMZM2G099454 | L3: 1.56031
A4: GRMZM2G392863 | B4: GO:0006952 | C4: flower-specific gamma-thionin precursor | D4: MT0 | E4: MT24 | F4: 5.23575 | G4: 11.1902 | H4: 1.09577 | I4: 1 | K4: GRMZM2G018579 | L4: 1.02408
A5: GRMZM2G099454 | B5: GO:0004568GO:0006032GO:0016998 | C5: basic endochitinase c precursor | D5: MT0 | E5: MT24 | F5: 1.62533 | G5: 4.79337 | H5: 1.56031 | I5: 1 | K5: GRMZM2G031790 | L5: -1.03628
A6: GRMZM2G018579 | B6: NA | C6: protein | D6: MT0 | E6: MT24 | F6: 15.9681 | G6: 32.4738 | H6: 1.02408 | I6: 1 | K6: AC177946.2_FG004 | L6: -1.23101
A7: GRMZM2G031790 | B7: GO:0006633GO:0016020GO:0008415 | C7: 3-ketoacyl- synthase 11-like | D7: MT0 | E7: MT24 | F7: 12.4711 | G7: 6.08072 | H7: -1.03628 | I7: 1 | K7: GRMZM2G703561 | L7: -1.29249
A8: AC177946.2_FG004 | B8: GO:0000015GO:0016020GO:0051260GO:0006096GO:0050825GO:0042309GO:0050826GO:0004634 | C8: NA | D8: MT0 | E8: MT24 | F8: 11.676 | G8: 4.9742 | H8: -1.23101 | I8: 1 | K8: AC208201.3_FG003 | L8: 1.52455
A9: GRMZM2G703561 | B9: NA | C9: NA | D9: MT0 | E9: MT24 | F9: 1.4095 | G9: 0.575422 | H9: -1.29249 | I9: 1 | K9: GRMZM2G340286 | L9: -1.41743
A10: AC208201.3_FG003 | B10: NA | C10: NA | D10: MT0 | E10: MT24 | F10: 1.01672 | G10: 2.92508 | H10: 1.52455 | I10: 1 | K10: GRMZM2G093962 | L10: -1.13013
A11: GRMZM2G340286 | B11: NA | C11: uncharacterized protein LOC100275916 | D11: MT0 | E11: MT24 | F11: 0.757095 | G11: 0.28344 | H11: -1.41743 | I11: 1 | K11: GRMZM2G099467 | L11: 2.12729
A12: GRMZM2G093962 | B12: GO:0016021 | C12: membrane protein | D12: MT0 | E12: MT24 | F12: 1.05882 | G12: 0.483746 | H12: -1.13013 | I12: 1 | K12: GRMZM2G037265 | L12: -1.03303
A13: GRMZM2G099467 | B13: GO:0005506GO:0016491 | C13: 2og-fe oxygenase family expressed | D13: MT0 | E13: MT24 | F13: 1.77208 | G13: 7.74218 | H13: 2.12729 | I13: 1 | K13: GRMZM2G059129 | L13: 1.20157
A14: AC199487.4_FG002 | B14: GO:0009611GO:0004867 | C14: NA | D14: MT0 | E14: MT24 | F14: 1.8738 | G14: 0 | H14: BD | I14: BD | K14: GRMZM2G141607 | L14: -1.04695
A15: GRMZM2G037265 | B15: NA | C15: alkaline alpha-galactosidase seed imbibition protein | D15: MT0 | E15: MT24 | F15: 66.7809 | G15: 32.6347 | H15: -1.03303 | I15: 1 | K15: GRMZM2G324999 | L15: 1.58046
A16: GRMZM2G059129 | B16: GO:0006071GO:0006629GO:0008889 | C16: probable glycerophosphoryl diester phosphodiesterase 2-like | D16: MT0 | E16: MT24 | F16: 2.10103 | G16: 4.83217 | H16: 1.20157 | I16: 1 | K16: GRMZM2G130904 | L16: 1.73831
A17: GRMZM2G141607 | B17: GO:0009239GO:0005488GO:0008667 | C17: 3-ketoacyl- reductase | D17: MT0 | E17: MT24 | F17: 1.74996 | G17: 0.846965 | H17: -1.04695 | I17: 1 | K17: GRMZM2G162505 | L17: 1.34372
A18: GRMZM2G324999 | B18: GO:0003700GO:0043565GO:0005634GO:0045449 | C18: wrky69 - superfamily of tfs having wrky and zinc finger domains | D18: MT0 | E18: MT24 | F18: 0.342934 | G18: 1.02559 | H18: 1.58046 | I18: 1 | K18: GRMZM5G805732 | L18: 1.09902
A19: GRMZM2G130904 | B19: GO:0004601GO:0006979GO:0020037GO:0009055 | C19: peroxidase n-like | D19: MT0 | E19: MT24 | F19: 0.376376 | G19: 1.25576 | H19: 1.73831 | I19: 1 | K19: GRMZM2G021055 | L19: 1.19608
A20: GRMZM2G162505 | B20: GO:0004568GO:0006032 | C20: chitinase 2-like | D20: MT0 | E20: MT24 | F20: 0.492076 | G20: 1.24891 | H20: 1.34372 | I20: 1 | K20: GRMZM2G059964 | L20: 1.08621
A21: GRMZM5G805732 | B21: NA | C21: cationic amino acid transporter | D21: MT0 | E21: MT24 | F21: 0.53335 | G21: 1.14248 | H21: 1.09902 | I21: 1 | K21: GRMZM2G090043 | L21: 1.23823
A22: GRMZM2G021055 | B22: GO:0015297GO:0016020GO:0006855GO:0015238 | C22: protein transparent testa 12-like | D22: MT0 | E22: MT24 | F22: 0.421456 | G22: 0.965625 | H22: 1.19608 | I22: 1 | K22: GRMZM2G301089 | L22: 1.14135
A23: GRMZM2G059964 | B23: NA | C23: cortical cell-delineating protein precursor | D23: MT0 | E23: MT24 | F23: 4.13676 | G23: 8.78299 | H23: 1.08621 | I23: 1 | K23: GRMZM2G475948 | L23: 1.11486
A24: GRMZM2G090043 | B24: NA | C24: hypothetical protein | D24: MT0 | E24: MT24 | F24: 1.08726 | G24: 2.56493 | H24: 1.23823 | I24: 1 | K24: GRMZM2G013206 | L24: 2.07066
A25: GRMZM2G301089 | B25: GO:0005634GO:0045449GO:0030528 | C25: transcription factor bhlh92 | D25: MT0 | E25: MT24 | F25: 1.57118 | G25: 3.46582 | H25: 1.14135 | I25: 1 | K25: GRMZM2G008064 | L25: 1.29519
A26: GRMZM2G475948 | B26: GO:0004674GO:0006468GO:0005529GO:0004713GO:0005524 | C26: l-type lectin-domain containing receptor kinase -like | D26: MT0 | E26: MT24 | F26: 2.20649 | G26: 4.77868 | H26: 1.11486 | I26: 1 | K26: GRMZM2G153920 | L26: 1.00429
... A55: GRMZM2G104489 | B55: GO:0008270GO:0005622 | C55: uncharacterized protein LOC100272609 | D55: MT0 | E55: MT24 | F55: 18.112 | G55: 7.12534 | H55: -1.34592 | I55: 1 | K55: GRMZM2G401883 | L55: 1.21257
A56: GRMZM2G127336 | B56: GO:0016829GO:0000287GO:0008152 | C56: #NAME? | D56: MT0 | E56: MT24 | F56: 0.500957 | G56: 1.38585 | H56: 1.46801 | I56: 1 | K56: GRMZM2G436448 | L56: 1.46517
A57: GRMZM2G176998 | B57: NA | C57: wd40-like beta propeller repeat family expressed | D57: MT0 | E57: MT24 | F57: 1.59061 | G57: 3.55818 | H57: 1.16156 | I57: 1 | K57: GRMZM2G119823 | L57: 1.07597
A58: GRMZM2G401883 | B58: NA | C58: uncharacterized protein LOC100276969 | D58: MT0 | E58: MT24 | F58: 1.59565 | G58: 3.69792 | H58: 1.21257 | I58: 1 | K58: GRMZM5G894619 | L58: 1.0529
A59: GRMZM2G436448 | B59: GO:0004674GO:0006468GO:0004713GO:0005524 | C59: rust resistance kinase lr10 | D59: MT0 | E59: MT24 | F59: 2.64149 | G59: 7.29302 | H59: 1.46517 | I59: 1 | K59: GRMZM2G429000 | L59: -1.38844
A60: GRMZM2G119823 | B60: GO:0005634GO:0045449GO:0030528 | C60: transcription factor bhlh35 | D60: MT0 | E60: MT24 | F60: 1.99267 | G60: 4.20081 | H60: 1.07597 | I60: 1 | K60: GRMZM2G085236 | L60: 1.06213
A61: GRMZM5G894619 | B61: NA | C61: 1-aminocyclopropane-1-carboxylate synthase | D61: MT0 | E61: MT24 | F61: 0.654279 | G61: 1.35743 | H61: 1.0529 | I61: 1 | K61: GRMZM2G084576 | L61: -1.11801
A62: GRMZM2G429000 | B62: NA | C62: cortical cell-delineating protein precursor | D62: MT0 | E62: MT24 | F62: 4.97175 | G62: 1.8991 | H62: -1.38844 | I62: 1 | K62: GRMZM2G018716 | L62: 1.09427
A63: GRMZM2G085236 | B63: GO:0042626GO:0016021GO:0006810GO:0019001GO:0004871GO:0007186GO:0005524 | C63: abc transporter b family member 19-like | D63: MT0 | E63: MT24 | F63: 0.423502 | G63: 0.884278 | H63: 1.06213 | I63: 1 | K63: GRMZM2G072820 | L63: -1.16036
A64: GRMZM2G084576 | B64: GO:0005634GO:0045449GO:0030528 | C64: ili1 binding bhlh 1 protein | D64: MT0 | E64: MT24 | F64: 1.42134 | G64: 0.654851 | H64: -1.11801 | I64: 1 | K64: GRMZM2G071771 | L64: 1.08852
A65: GRMZM2G018716 | B65: GO:0006508GO:0005975GO:0004252GO:0004553 | C65: glycosy1 hydrolase | D65: MT0 | E65: MT24 | F65: 0.724397 | G65: 1.54662 | H65: 1.09427 | I65: 1 | K65: GRMZM2G050216 | L65: 1.22411
A66: GRMZM2G072820 | B66: GO:0005634GO:0045449GO:0030528 | C66: transcription factor | D66: MT0 | E66: MT24 | F66: 18.9876 | G66: 8.4951 | H66: -1.16036 | I66: 1 | K66: GRMZM2G118345 | L66: 1.15787
A67: GRMZM2G071771 | B67: GO:0008289GO:0006869 | C67: pvr3-like protein | D67: MT0 | E67: MT24 | F67: 10.4535 | G67: 22.2299 | H67: 1.08852 | I67: 1 | K67: LIP | L67: -1.46288
A68: GRMZM2G050216 | B68: GO:0008270GO:0005515 | C68: zinc c3hc4 type family protein | D68: MT0 | E68: MT24 | F68: 2.10982 | G68: 4.9288 | H68: 1.22411 | I68: 1 | K68: GRMZM2G119975 | L68: 1.49532
... A75: GRMZM2G178486 | B75: GO:0008270GO:0005515 | C75: protein | D75: MT0 | E75: MT24 | F75: 1.61573 | G75: 3.9847 | H75: 1.30229 | I75: 1 | K75: GRMZM2G088819 | L75: 1.4574
A76: GRMZM5G871600 | B76: NA | C76: unknown | D76: MT0 | E76: MT24 | F76: 5.21302 | G76: 0 | H76: BD | I76: BD | K76: GRMZM2G125482 | L76: 2.20801
A77: AC235540.1_FG002 | B77: GO:0004674GO:0006468GO:0005524GO:0005515GO:0004713 | C77: NA | D77: MT0 | E77: MT24 | F77: 0.364105 | G77: 0.877885 | H77: 1.26968 | I77: 1 | K77: GRMZM2G053833 | L77: 1.71528
A78: GRMZM2G330049 | B78: GO:0006468GO:0005840GO:0003735GO:0004674GO:0004713GO:0006412GO:0005524GO:0007165 | C78: cipk-like protein 1 | D78: MT0 | E78: MT24 | F78: 2.12688 | G78: 4.47722 | H78: 1.07386 | I78: 1 | K78: GRMZM2G099765 | L78: -1.4052
A79: GRMZM2G088819 | B79: GO:0005509 | C79: calcium-binding protein cml42 | D79: MT0 | E79: MT24 | F79: 2.07739 | G79: 5.70481 | H79: 1.4574 | I79: 1 | K79: GRMZM2G444560 | L79: 1.56478
A80: GRMZM2G125482 | B80: NA | C80: elicitor-inducible cytochrome p450 | D80: MT0 | E80: MT24 | F80: 0.683754 | G80: 3.1592 | H80: 2.20801 | I80: 1 | K80: GRMZM2G355752 | L80: 1.92126
A81: GRMZM2G053833 | B81: GO:0005509 | C81: ef hand family protein | D81: MT0 | E81: MT24 | F81: 0.466962 | G81: 1.53332 | H81: 1.71528 | I81: 1 | K81: GRMZM2G082032 | L81: 1.18985
A82: GRMZM2G099765 | B82: GO:0006508GO:0004197 | C82: cysteine proteinase | D82: MT0 | E82: MT24 | F82: 3.49817 | G82: 1.32079 | H82: -1.4052 | I82: 1 | K82: GRMZM2G115705 | L82: 1.09563
A83: GRMZM2G444560 | B83: GO:0017111GO:0005524 | C83: aaa-type atpase-like | D83: MT0 | E83: MT24 | F83: 0.463179 | G83: 1.37023 | H83: 1.56478 | I83: 1 | K83: GRMZM2G114861 | L83: 1.01609
A84: GRMZM2G355752 | B84: GO:0016020GO:0009765 | C84: early light-induced protein | D84: MT0 | E84: MT24 | F84: 3.07939 | G84: 11.6633 | H84: 1.92126 | I84: 1 | K84: GRMZM2G122618 | L84: 1.27619
A85: GRMZM2G082032 | B85: GO:0016787 | C85: l-asparaginase | D85: MT0 | E85: MT24 | F85: 2.26386 | G85: 5.16453 | H85: 1.18985 | I85: 1 | K85: GRMZM2G081053 | L85: -1.03273
A86: GRMZM2G115705 | B86: GO:0006468GO:0004674GO:0005529GO:0004713GO:0005524GO:0048544 | C86: receptor-like serine threonine-protein kinase sd1-8-like | D86: MT0 | E86: MT24 | F86: 0.446093 | G86: 0.95333 | H86: 1.09563 | I86: 1 | K86: GRMZM2G126062 | L86: 1.44686
A87: GRMZM2G114861 | B87: GO:0007018GO:0003777GO:0005524GO:0005875 | C87: kinesin 5 | D87: MT0 | E87: MT24 | F87: 1.13264 | G87: 2.2907 | H87: 1.01609 | I87: 1 | K87: GRMZM2G157869 | L87: -1.09157
A88: GRMZM2G122618 | B88: GO:0009405GO:0009289 | C88: uncharacterized membrane protein at1g06890-like | D88: MT0 | E88: MT24 | F88: 0.690662 | G88: 1.67277 | H88: 1.27619 | I88: 1 | K88: GRMZM2G167613 | L88: 2.3413
... A102: GRMZM2G140032 | B102: GO:0004969GO:0016021GO:0007186 | C102: uncharacterized protein LOC100383606 | D102: MT0 | E102: MT24 | F102: 8.72138 | G102: 2.54611 | H102: -1.77626 | I102: 1 | K102: GRMZM2G065585 | L102: 2.66732
A103: GRMZM2G108847 | B103: GO:0004867 | C103: serine-type endopeptidase inhibitor | D103: MT0 | E103: MT24 | F103: 0 | G103: 2.09213 | H103: BD | I103: BD | K103: GRMZM2G145374 | L103: 1.00228
A104: GRMZM2G454056 | B104: NA | C104: uncharacterized protein LOC100274968 | D104: MT0 | E104: MT24 | F104: 0.828908 | G104: 2.78525 | H104: 1.74852 | I104: 1 | K104: GRMZM2G072808 | L104: 1.44682
A105: GRMZM2G001426 | B105: NA | C105: della protein | D105: MT0 | E105: MT24 | F105: 0.302088 | G105: 0.828479 | H105: 1.4555 | I105: 1 | K105: GRMZM2G023279 | L105: 1.35783
A106: GRMZM2G701596 | B106: NA | C106: NA | D106: MT0 | E106: MT24 | F106: 5.74279 | G106: 16.7669 | H106: 1.5458 | I106: 1 | K106: GRMZM2G091540 | L106: 2.03091
A107: GRMZM2G065585 | B107: GO:0016020GO:0005975GO:0004553 | C107: beta glucanase | D107: MT0 | E107: MT24 | F107: 4.20212 | G107: 26.6938 | H107: 2.66732 | I107: 1 | K107: GRMZM2G121753 | L107: -1.73825
A108: GRMZM2G145374 | B108: GO:0008270GO:0005515 | C108: ring u-box domain-containing protein | D108: MT0 | E108: MT24 | F108: 0.526619 | G108: 1.05491 | H108: 1.00228 | I108: 1 | K108: GRMZM2G125571 | L108: 1.06885
A109: GRMZM2G072808 | B109: GO:0048046GO:0005507GO:0046274GO:0008471GO:0055114 | C109: l-ascorbate oxidase precursor | D109: MT0 | E109: MT24 | F109: 2.17193 | G109: 5.92083 | H109: 1.44682 | I109: 1 | K109: GRMZM2G034985 | L109: -1.03916
A110: GRMZM2G023279 | B110: NA | C110: atp binding | D110: MT0 | E110: MT24 | F110: 0.369289 | G110: 0.946483 | H110: 1.35783 | I110: 1 | K110: GRMZM2G071307 | L110: -1.03917
A111: GRMZM2G091540 | B111: GO:0006508GO:0046983GO:0016020GO:0051260GO:0008237 | C111: iaa-amino acid hydrolase ilr1-like 4 precursor | D111: MT0 | E111: MT24 | F111: 0.243963 | G111: 0.996987 | H111: 2.03091 | I111: 1 | K111: GRMZM2G308619 | L111: -1.29981
A112: GRMZM2G121753 | B112: GO:0003677 | C112: sant myb protein | D112: MT0 | E112: MT24 | F112: 3.66719 | G112: 1.09918 | H112: -1.73825 | I112: 1 | K112: GRMZM2G169951 | L112: 1.12495
A113: GRMZM2G125571 | B113: NA | C113: l-type lectin-domain containing receptor kinase -like | D113: MT0 | E113: MT24 | F113: 2.05676 | G113: 4.31459 | H113: 1.06885 | I113: 1 | K113: GRMZM2G126749 | L113: 1.23204
A114: GRMZM2G034985 | B114: NA | C114: unknown | D114: MT0 | E114: MT24 | F114: 28.128 | G114: 13.6874 | H114: -1.03916 | I114: 1 | K114: GRMZM2G178875 | L114: 1.01923
A115: GRMZM2G071307 | B115: NA | C115: uncharacterized protein LOC100383884 | D115: MT0 | E115: MT24 | F115: 1.31385 | G115: 0.639328 | H115: -1.03917 | I115: 1 | K115: GRMZM2G065088 | L115: 2.06435
... A155: AC193632.2_FG002 | B155: GO:0006468GO:0004674GO:0004713GO:0004568GO:0006032GO:0005524 | C155: NA | D155: MT0 | E155: MT24 | F155: 0.442448 | G155: 1.04444 | H155: 1.23914 | I155: 1 | K155: GRMZM2G041699 | L155: -1.32518
A156: AC214635.3_FG006 | B156: NA | C156: NA | D156: MT0 | E156: MT24 | F156: 0 | G156: 3.45485 | H156: BD | I156: BD | K156: GRMZM2G116629 | L156: 1.04639
A157: GRMZM2G127857 | B157: GO:0003677 | C157: myb-related protein myb4-like | D157: MT0 | E157: MT24 | F157: 0.480779 | G157: 0.981922 | H157: 1.03024 | I157: 1 | K157: GRMZM2G332522 | L157: 1.17962
A158: GRMZM2G399112 | B158: NA | C158: hypothetical protein SORBIDRAFT_04g032340 | D158: MT0 | E158: MT24 | F158: 3.82753 | G158: 1.87018 | H158: -1.03324 | I158: 1 | K158: GRMZM2G033952 | L158: 1.39488
A159: GRMZM2G134023 | B159: GO:0008270GO:0005515 | C159: ring-h2 finger protein atl2l | D159: MT0 | E159: MT24 | F159: 1.69263 | G159: 4.31504 | H159: 1.35011 | I159: 1 | K159: GRMZM2G048584 | L159: -1.27611
A160: GRMZM2G471594 | B160: GO:0008107GO:0016020GO:0042546 | C160: galactoside 2-alpha-l-fucosyltransferase | D160: MT0 | E160: MT24 | F160: 1.03796 | G160: 0.511366 | H160: -1.02132 | I160: 1 | K160: GRMZM2G133988 | L160: 2.95732
A161: GRMZM2G041699 | B161: GO:0016758GO:0008152 | C161: cytokinin-o-glucosyltransferase 2 | D161: MT0 | E161: MT24 | F161: 1.58294 | G161: 0.631753 | H161: -1.32518 | I161: 1 | K161: GRMZM2G374074 | L161: 1.22683
A162: GRMZM2G116629 | B162: NA | C162: o-glucosyltransferase rumi homolog | D162: MT0 | E162: MT24 | F162: 0.596643 | G162: 1.23228 | H162: 1.04639 | I162: 1 | K162: CNR10 | L162: 1.00354
A163: GRMZM2G332522 | B163: GO:0008171 | C163: caffeoyl- 3-o-methyltransferase 1 | D163: MT0 | E163: MT24 | F163: 4.30828 | G163: 9.759 | H163: 1.17962 | I163: 1 | K163: GRMZM2G166719 | L163: 1.03816
A164: GRMZM2G033952 | B164: GO:0008171 | C164: caffeoyl- o-methyltransferase | D164: MT0 | E164: MT24 | F164: 1.22419 | G164: 3.21922 | H164: 1.39488 | I164: 1 | K164: TIP3-1 | L164: -1.06435
A165: GRMZM2G048584 | B165: GO:0003676 | C165: protein vip1-like | D165: MT0 | E165: MT24 | F165: 1.04269 | G165: 0.430534 | H165: -1.27611 | I165: 1 | K165: GRMZM2G374475 | L165: -1.74539
A166: GRMZM2G133988 | B166: GO:0008152 | C166: 3-isopropylmalate dehydratase-like | D166: MT0 | E166: MT24 | F166: 1.19113 | G166: 9.25129 | H166: 2.95732 | I166: 1 | K166: GRMZM2G064406 | L166: 2.43032
A167: GRMZM2G374074 | B167: NA | C167: uncharacterized protein LOC100274621 | D167: MT0 | E167: MT24 | F167: 0.956038 | G167: 2.23762 | H167: 1.22683 | I167: 1 | K167: GRMZM2G010321 | L167: 1.46628
A168: CNR10 | B168: NA | C168: NA | D168: MT0 | E168: MT24 | F168: 14.6378 | G168: 29.3476 | H168: 1.00354 | I168: 1 | K168: GRMZM2G133430 | L168: 1.29185
... A183: GRMZM2G364373 | B183: NA | C183: protease do-like 7-like | D183: MT0 | E183: MT24 | F183: 1.13879 | G183: 0.470207 | H183: -1.27614 | I183: 1 | K183: GRMZM2G046615 | L183: 2.43136
A184: AC203048.3_FG001 | B184: NA | C184: NA | D184: MT0 | E184: MT24 | F184: 0 | G184: 1.5045 | H184: BD | I184: BD | K184: GRMZM2G086587 | L184: -1.16039
A185: PETB | B185: NA | C185: NA | D185: MT0 | E185: MT24 | F185: 1.50885 | G185: 4.57154 | H185: 1.59924 | I185: 1 | K185: GRMZM2G130055 | L185: -1.00056
A186: GRMZM5G865298 | B186: NA | C186: peptide transporter ptr3-a-like | D186: MT0 | E186: MT24 | F186: 0.435002 | G186: 0.922464 | H186: 1.08447 | I186: 1 | K186: GRMZM2G455440 | L186: 1.22162
A187: GRMZM2G042758 | B187: GO:0016887GO:0006629GO:0016788GO:0005524 | C187: gdsl-motif lipase hydrolase-like | D187: MT0 | E187: MT24 | F187: 0.37701 | G187: 0.880075 | H187: 1.22302 | I187: 1 | K187: GRMZM2G405459 | L187: -1.21149
A188: GRMZM2G330012 | B188: NA | C188: saur family protein | D188: MT0 | E188: MT24 | F188: 1.98212 | G188: 0.929691 | H188: -1.09222 | I188: 1 | K188: GRMZM2G160710 | L188: 1.0774
A189: GRMZM2G133262 | B189: GO:0006355GO:0000156GO:0000160 | C189: two-component response regulator arr2-like | D189: MT0 | E189: MT24 | F189: 0.386109 | G189: 0.868291 | H189: 1.16917 | I189: 1 | K189: GRMZM2G135385 | L189: 2.83716
A190: GRMZM2G046615 | B190: GO:0016829GO:0000287GO:0008152 | C190: terpene synthase 2 | D190: MT0 | E190: MT24 | F190: 1.46049 | G190: 7.87792 | H190: 2.43136 | I190: 1 | K190: YS1 | L190: 1.44136
A191: GRMZM2G086587 | B191: NA | C191: Os02g0189400 | D191: MT0 | E191: MT24 | F191: 3.58146 | G191: 1.60231 | H191: -1.16039 | I191: 1 | K191: GRMZM2G466044 | L191: 1.44656
A192: GRMZM2G130055 | B192: GO:0050825GO:0042309GO:0050826 | C192: NA | D192: MT0 | E192: MT24 | F192: 3.26736 | G192: 1.63305 | H192: -1.00056 | I192: 1 | K192: GRMZM2G057386 | L192: 1.01302
A193: GRMZM2G455440 | B193: NA | C193: uncharacterized protein LOC100276136 | D193: MT0 | E193: MT24 | F193: 8.90644 | G193: 20.7706 | H193: 1.22162 | I193: 1 | K193: GRMZM2G071277 | L193: 2.42416
A194: GRMZM2G405459 | B194: GO:0004601GO:0006979GO:0020037GO:0009055 | C194: peroxidase 52-like | D194: MT0 | E194: MT24 | F194: 1.03015 | G194: 0.444842 | H194: -1.21149 | I194: 1 | K194: GRMZM2G011006 | L194: -1.0337
A195: GRMZM2G160710 | B195: GO:0046872GO:0030001 | C195: nbs-lrr class disease resistance protein | D195: MT0 | E195: MT24 | F195: 5.02677 | G195: 10.6076 | H195: 1.0774 | I195: 1 | K195: GRMZM2G399921 | L195: -2.00575
A196: GRMZM2G135385 | B196: GO:0020037 | C196: cytochrome b5 | D196: MT0 | E196: MT24 | F196: 0.396047 | G196: 2.83019 | H196: 2.83716 | I196: 1 | K196: GRMZM2G480364 | L196: -1.46243
... A240: GRMZM2G018108 | B240: GO:0006508GO:0004190 | C240: aspartic proteinase nepenthesin-1 precursor | D240: MT0 | E240: MT24 | F240: 0.424677 | G240: 0.915151 | H240: 1.10764 | I240: 1 | K240: GRMZM2G076417 | L240: 1.02686
A241: AC196726.2_FG001 | B241: NA | C241: NA | D241: MT0 | E241: MT24 | F241: 0 | G241: 1.30398 | H241: BD | I241: BD | K241: GRMZM2G002396 | L241: -1.15548
A242: GRMZM2G013530 | B242: GO:0016747 | C242: agmatine coumaroyltransferase-2-like | D242: MT0 | E242: MT24 | F242: 1.00426 | G242: 0.486219 | H242: -1.04645 | I242: 1 | K242: GRMZM2G125653 | L242: 2.06873
A243: GRMZM2G075794 | B243: NA | C243: hypothetical protein SORBIDRAFT_02g034730 | D243: MT0 | E243: MT24 | F243: 0.561968 | G243: 1.33792 | H243: 1.25143 | I243: 1 | K243: GRMZM2G169149 | L243: 2.33249
...

Sheet up-regulated in B73 6 h
A1: Table S3. Differentially expressed genes in response to R. padi feeding in B73 and Mo17
A2: Genes up- and down-regulated by R. padi treatment in B73 and Mo17.
A3: B73 0 h:No aphid treatment on B73,B73 6 h: Aphid treatment B73 for 6 h; NA：no annotation.BD: numerator or denominator is below of detection
A4: Gene ID | B4: GO term | C4: Description | D4: sample_1 | E4: sample_2 | F4: value_1 | G4: value_2 | H4: log2(fold_change)
A5: GRMZM2G474039 | B5: =VLOOKUP($A5,[1]Sheet1!$A:$B,2,FALSE) -> #N/A | C5: hypothetical protein SORBIDRAFT_06g030720 | D5: B73 0 h | E5: B73 6 h | F5: 0.451313 | G5: 15.3552 | H5: 5.08845 | I5: NA
A6: GRMZM5G891371 | B6: =VLOOKUP($A6,[1]Sheet1!$A:$B,2,FALSE) -> #N/A | C6: subtilase family protein | D6: B73 0 h | E6: B73 6 h | F6: 0.191896 | G6: 5.83183 | H6: 4.92556 | I6: NA
A7: GRMZM2G028640 | B7: =VLOOKUP($A7,[1]Sheet1!$A:$B,2,FALSE) -> #N/A | C7: enzyme of the cupin superfamily | D7: B73 0 h | E7: B73 6 h | F7: 0.626461 | G7: 12.7577 | H7: 4.348 | I7: NA
A8: AC208221.3_FG002 | B8: =VLOOKUP($A8,[1]Sheet1!$A:$B,2,FALSE) -> GO:0005576GO:0004867 | C8: NA | D8: B73 0 h | E8: B73 6 h | F8: 1.01293 | G8: 20.1457 | H8: 4.31387 | I8: GO:0005576GO:0004867
A9: GRMZM2G018988 | B9: =VLOOKUP($A9,[1]Sheet1!$A:$B,2,FALSE) -> #N/A | C9: protein | D9: B73 0 h | E9: B73 6 h | F9: 0.154308 | G9: 2.73413 | H9: 4.14719 | I9: NA
A10: GRMZM2G308619 | B10: =VLOOKUP($A10,[1]Sheet1!$A:$B,2,FALSE) -> GO:0004674GO:0006468GO:0004713GO:0005524 | C10: protein kinase g11a-like | D10: B73 0 h | E10: B73 6 h | F10: 0.0615478 | G10: 1.05604 | H10: 4.10081 | I10: GO:0004674GO:0006468GO:0004713GO:0005524
A11: GRMZM2G045031 | B11: =VLOOKUP($A11,[1]Sheet1!$A:$B,2,FALSE) -> #N/A | C11: uncharacterized protein LOC100278663 | D11: B73 0 h | E11: B73 6 h | F11: 0.497457 | G11: 8.33092 | H11: 4.06583 | I11: NA
A12: AC233910.1_FG003 | B12: =VLOOKUP($A12,[1]Sheet1!$A:$B,2,FALSE) -> GO:0003735GO:0006412GO:0006464GO:0005840 | C12: NA | D12: B73 0 h | E12: B73 6 h | F12: 0.77188 | G12: 12.0535 | H12: 3.96494 | I12: GO:0003735GO:0006412GO:0006464GO:0005840
A13: GRMZM2G380789 | B13: =VLOOKUP($A13,[1]Sheet1!$A:$B,2,FALSE) -> GO:0016021 | C13: heptahelical protein 4 | D13: B73 0 h | E13: B73 6 h | F13: 0.0796325 | G13: 1.14939 | H13: 3.85137 | I13: GO:0016021
A14: GRMZM2G058681 | B14: =VLOOKUP($A14,[1]Sheet1!$A:$B,2,FALSE) -> GO:0003735GO:0008270GO:0006412GO:0005840 | C14: protein | D14: B73 0 h | E14: B73 6 h | F14: 0.68254 | G14: 7.59614 | H14: 3.47628 | I14: GO:0003735GO:0008270GO:0006412GO:0005840
A15: GRMZM5G827939 | B15: =VLOOKUP($A15,[1]Sheet1!$A:$B,2,FALSE) -> #N/A | C15: -dihydroxy-3-keto-5-methylthiopentene dioxygenase 4 | D15: B73 0 h | E15: B73 6 h | F15: 1.17746 | G15: 12.6069 | H15: 3.42046 | I15: NA
A16: GRMZM2G056697 | B16: =VLOOKUP($A16,[1]Sheet1!$A:$B,2,FALSE) -> #N/A | C16: uncharacterized protein LOC100272757 | D16: B73 0 h | E16: B73 6 h | F16: 0.103158 | G16: 1.08331 | H16: 3.39252 | I16: NA
... A298: GRMZM2G113060 | B298: =VLOOKUP($A298,[1]Sheet1!$A:$B,2,FALSE) -> GO:0003700GO:0006355 | C298: dre binding factor | D298: B73 0 h | E298: B73 6 h | F298: 8.18782 | G298: 16.3776 | H298: 1.00017 | I298: GO:0003700GO:0006355
A299: GRMZM5G855014 | B299: =VLOOKUP($A299,[1]Sheet1!$A:$B,2,FALSE) -> #N/A | C299: unknown | D299: B73 0 h | E299: B73 6 h | F299: 0 | G299: 1.36839 | H299: BD | I299: NA
A300: GRMZM2G143142 | B300: =VLOOKUP($A300,[1]Sheet1!$A:$B,2,FALSE) -> #N/A | C300: NA | D300: B73 0 h | E300: B73 6 h | F300: 0 | G300: 1.47512 | H300: BD | I300: NA
A301: GRMZM2G327199 | B301: =VLOOKUP($A301,[1]Sheet1!$A:$B,2,FALSE) -> #N/A | C301: NA | D301: B73 0 h | E301: B73 6 h | F301: 0 | G301: 4.84134 | H301: BD | I301: NA
A302: GRMZM2G344279 | B302: =VLOOKUP($A302,[1]Sheet1!$A:$B,2,FALSE) -> GO:0003735GO:0015934GO:0006412GO:0030528 | C302: 60s ribosomal protein l7-1 | D302: B73 0 h | E302: B73 6 h | F302: 0 | G302: 1.06424 | H302: BD | I302: GO:0003735GO:0015934GO:0006412GO:0030528
A303: GRMZM2G164761 | B303: =VLOOKUP($A303,[1]Sheet1!$A:$B,2,FALSE) -> GO:0016020GO:0016760GO:0030244 | C303: cellulose synthase-like protein slf1 | D303: B73 0 h | E303: B73 6 h | F303: 0 | G303: 0.99544 | H303: BD | I303: GO:0016020GO:0016760GO:0030244
A304: GRMZM2G148316 | B304: =VLOOKUP($A304,[1]Sheet1!$A:$B,2,FALSE) -> #N/A | C304: cytokinin-o-glucosyltransferase 2 | D304: B73 0 h | E304: B73 6 h | F304: 0 | G304: 1.20052 | H304: BD | I304: NA
A305: GRMZM2G121264 | B305: =VLOOKUP($A305,[1]Sheet1!$A:$B,2,FALSE) -> GO:0004497GO:0020037GO:0009055 | C305: protein | D305: B73 0 h | E305: B73 6 h | F305: 0 | G305: 1.53659 | H305: BD | I305: GO:0004497GO:0020037GO:0009055
A306: GRMZM2G703156 | B306: =VLOOKUP($A306,[1]Sheet1!$A:$B,2,FALSE) -> #N/A | C306: NA | D306: B73 0 h | E306: B73 6 h | F306: 0 | G306: 3.7902 | H306: BD | I306: NA
A307: GRMZM2G434572 | B307: =VLOOKUP($A307,[1]Sheet1!$A:$B,2,FALSE) -> GO:0046872GO:0019509GO:0051213 | C307: -dihydroxy-3-keto-5-methylthiopentene dioxygenase 4 | D307: B73 0 h | E307: B73 6 h | F307: 0 | G307: 1.88209 | H307: BD | I307: GO:0046872GO:0019509GO:0051213
A308: GRMZM2G701791 | B308: =VLOOKUP($A308,[1]Sheet1!$A:$B,2,FALSE) -> #N/A | C308: NA | D308: B73 0 h | E308: B73 6 h | F308: 0 | G308: 1.58804 | H308: BD | I308: NA
A309: AC233880.1_FG009 | B309: =VLOOKUP($A309,[1]Sheet1!$A:$B,2,FALSE) -> GO:0003735GO:0004812GO:0005840GO:0005524GO:0006418 | C309: NA | D309: B73 0 h | E309: B73 6 h | F309: 0 | G309: 0.823119 | H309: BD | I309: GO:0003735GO:0004812GO:0005840GO:0005524GO:0006418
A310: GRMZM2G003014 | B310: =VLOOKUP($A310,[1]Sheet1!$A:$B,2,FALSE) -> #N/A | C310: nucleotide-diphospho-sugar transferases superfamily protein | D310: B73 0 h | E310: B73 6 h | F310: 0 | G310: 1.69197 | H310: BD | I310: NA
... A323: GRMZM2G070115 | B323: =VLOOKUP($A323,[1]Sheet1!$A:$B,2,FALSE) -> #N/A | C323: protein cdc2 kinase | D323: B73 0 h | E323: B73 6 h | F323: 0 | G323: 1.45979 | H323: BD | I323: NA

Sheet up-regulated in B73 24 h
A1: Table S3. Differentially expressed genes in response to R. padi feeding in B73 and Mo17
A2: Genes up- and down-regulated by R. padi treatment in B73 and Mo17.
A3: B73 0 h:No aphid treatment on B73,B73 24 h: Aphid treatment B73 for 24 h; NA：no annotation.BD: numerator or denominator is below of detection
A4: Gene ID | B4: GO term | C4: Description | D4: sample_1 | E4: sample_2 | F4: value_1 | G4: value_2 | H4: log2(fold_change)
A5: GRMZM2G028640 | B5: NA | C5: enzyme of the cupin superfamily | D5: B73 0 h | E5: B73 24 h | F5: 0.626461 | G5: 38.7026 | H5: 5.94906
A6: GRMZM5G891371 | B6: NA | C6: subtilase family protein | D6: B73 0 h | E6: B73 24 h | F6: 0.191896 | G6: 7.97984 | H6: 5.37797
A7: AC208221.3_FG002 | B7: GO:0005576GO:0004867 | C7: NA | D7: B73 0 h | E7: B73 24 h | F7: 1.01293 | G7: 35.8602 | H7: 5.14578
A8: GRMZM2G359559 | B8: GO:0008152 | C8: alanine glyoxylate aminotransferase | D8: B73 0 h | E8: B73 24 h | F8: 0.117338 | G8: 1.6271 | H8: 3.79356
A9: GRMZM2G143403 | B9: GO:0008270GO:0003676 | C9: protein | D9: B73 0 h | E9: B73 24 h | F9: 0.449578 | G9: 4.5031 | H9: 3.32428
A10: GRMZM2G108153 | B10: GO:0004601GO:0006979GO:0020037GO:0009055 | C10: protein | D10: B73 0 h | E10: B73 24 h | F10: 0.261235 | G10: 1.63542 | H10: 2.64624
A11: GRMZM2G428040 | B11: NA | C11: transcription activator-related protein | D11: B73 0 h | E11: B73 24 h | F11: 0.211526 | G11: 1.27582 | H11: 2.59253
A12: GRMZM2G124759 | B12: GO:0004806GO:0006629 | C12: triacylglycerol lipase | D12: B73 0 h | E12: B73 24 h | F12: 1.94963 | G12: 11.5223 | H12: 2.56316
A13: GRMZM2G140107 | B13: GO:0009058GO:0046524GO:0005985 | C13: sucrose phosphate synthase | D13: B73 0 h | E13: B73 24 h | F13: 0.164627 | G13: 0.922441 | H13: 2.48626
A14: GRMZM2G455676 | B14: GO:0009654GO:0015979 | C14: photosystem ii reaction center w protein | D14: B73 0 h | E14: B73 24 h | F14: 0.875705 | G14: 4.88799 | H14: 2.48072
A15: GRMZM2G032721 | B15: GO:0003735GO:0009536GO:0006412GO:0005840 | C15: plastid-specific 30s ribosomal protein 3 | D15: B73 0 h | E15: B73 24 h | F15: 2.65195 | G15: 14.1864 | H15: 2.41939
A16: GRMZM2G429955 | B16: GO:0016020GO:0009765 | C16: chlorophyll a-b binding protein 2 | D16: B73 0 h | E16: B73 24 h | F16: 86.6253 | G16: 428.193 | H16: 2.3054
... A176: GRMZM2G319109 | B176: GO:0003924GO:0005525GO:0004789GO:0009228GO:0005622 | C176: fzo-like protein | D176: B73 0 h | E176: B73 24 h | F176: 10.2421 | G176: 20.5258 | H176: 1.00293
A177: AC211467.4_FG002 | B177: NA | C177: NA | D177: B73 0 h | E177: B73 24 h | F177: 0 | G177: 1.2871 | H177: BD
A178: GRMZM2G425430 | B178: GO:0003700GO:0043565GO:0005634GO:0045449 | C178: wrky dna binding domain containing expressed | D178: B73 0 h | E178: B73 24 h | F178: 0 | G178: 0.862332 | H178: BD
A179: GRMZM2G478779 | B179: GO:0006139GO:0005524GO:0005515GO:0019205 | C179: actin | D179: B73 0 h | E179: B73 24 h | F179: 0 | G179: 0.996515 | H179: BD
A180: GRMZM2G019085 | B180: NA | C180: NA | D180: B73 0 h | E180: B73 24 h | F180: 0 | G180: 2.12714 | H180: BD
A181: GRMZM5G807110 | B181: NA | C181: uncharacterized protein LOC100382421 | D181: B73 0 h | E181: B73 24 h | F181: 0 | G181: 1.44764 | H181: BD
A182: GRMZM2G157869 | B182: NA | C182: hypersensitive-induced response protein | D182: B73 0 h | E182: B73 24 h | F182: 0 | G182: 1.16416 | H182: BD
A183: GRMZM2G546097 | B183: NA | C183: NA | D183: B73 0 h | E183: B73 24 h | F183: 0 | G183: 4.25102 | H183: BD
A184: GRMZM2G065652 | B184: NA | C184: uncharacterized protein LOC100272674 | D184: B73 0 h | E184: B73 24 h | F184: 0 | G184: 2.05262 | H184: BD
A185: GRMZM2G425136 | B185: GO:0016740GO:0050825GO:0042309GO:0008152GO:0050826 | C185: psbp domain-containing protein chloroplastic-like | D185: B73 0 h | E185: B73 24 h | F185: 0 | G185: 1.73815 | H185: BD
A186: AC187896.3_FG006 | B186: NA | C186: NA | D186: B73 0 h | E186: B73 24 h | F186: 0 | G186: 0.958736 | H186: BD
A187: GRMZM2G063583 | B187: NA | C187: hypothetical protein SORBIDRAFT_03g026630 | D187: B73 0 h | E187: B73 24 h | F187: 0 | G187: 5.81766 | H187: BD
A188: GRMZM5G807957 | B188: NA | C188: NA | D188: B73 0 h | E188: B73 24 h | F188: 0 | G188: 0.998317 | H188: BD
A189: GRMZM5G890783 | B189: NA | C189: uncharacterized protein LOC100279463 | D189: B73 0 h | E189: B73 24 h | F189: 0 | G189: 13.0952 | H189: BD

Sheet up-regulated in Mo17 6 h
A1: Table S3. Differentially expressed genes in response to R. padi feeding in B73 and Mo17
A2: Genes up- and down-regulated by R. padi treatment in B73 and Mo17.
A3: Mo17 0 h:No aphid treatment on Mo17, Mo17 6 h: Aphid treatment Mo17 for 6 h; NA：no annotation.BD: numerator or denominator is below of detection
A4: Gene ID | B4: GO term | C4: Description | D4: sample_1 | E4: sample_2 | F4: value_1 | G4: value_2 | H4: log2(fold_change)
A5: GRMZM2G045031 | B5: NA | C5: uncharacterized protein LOC100278663 | D5: Mo17 0 h | E5: Mo17 6 h | F5: 0.138254 | G5: 11.495 | H5: 6.37754
A6: GRMZM2G468111 | B6: NA | C6: uncharacterized protein LOC100277849 | D6: Mo17 0 h | E6: Mo17 6 h | F6: 1.70723 | G6: 62.0608 | H6: 5.18395
A7: GRMZM2G133988 | B7: GO:0008152 | C7: 3-isopropylmalate dehydratase-like | D7: Mo17 0 h | E7: Mo17 6 h | F7: 1.19113 | G7: 41.422 | H7: 5.11999
A8: GRMZM2G010044 | B8: GO:0008652GO:0016836GO:0051539 | C8: 3-isopropylmalate dehydratase | D8: Mo17 0 h | E8: Mo17 6 h | F8: 6.3386 | G8: 201.729 | H8: 4.99211
A9: GRMZM2G117706 | B9: GO:0020037GO:0005576GO:0004601GO:0006979GO:0009055 | C9: bacterial-induced peroxidase precursor | D9: Mo17 0 h | E9: Mo17 6 h | F9: 0.404387 | G9: 8.20211 | H9: 4.34219
A10: GRMZM2G162505 | B10: GO:0004568GO:0006032 | C10: chitinase 2-like | D10: Mo17 0 h | E10: Mo17 6 h | F10: 0.492076 | G10: 8.6512 | H10: 4.13595
A11: GRMZM2G465226 | B11: NA | C11: pathogenesis-related protein class i | D11: Mo17 0 h | E11: Mo17 6 h | F11: 1.14524 | G11: 16.4295 | H11: 3.84256
A12: GRMZM2G131266 | B12: GO:0003700GO:0006355 | C12: ap2-like ethylene-responsive transcription factor at1g16060-like | D12: Mo17 0 h | E12: Mo17 6 h | F12: 0.939675 | G12: 13.369 | H12: 3.83059
A13: AC233910.1_FG003 | B13: GO:0003735GO:0006412GO:0006464GO:0005840 | C13: NA | D13: Mo17 0 h | E13: Mo17 6 h | F13: 0.324373 | G13: 4.20873 | H13: 3.69766
A14: GRMZM2G065585 | B14: GO:0016020GO:0005975GO:0004553 | C14: beta glucanase | D14: Mo17 0 h | E14: Mo17 6 h | F14: 4.20212 | G14: 53.8332 | H14: 3.67931
A15: GRMZM2G304121 | B15: NA | C15: eukaryotic translation initiation factor 6 | D15: Mo17 0 h | E15: Mo17 6 h | F15: 0.23059 | G15: 2.76789 | H15: 3.58539
A16: GRMZM2G160515 | B16: NA | C16: NA | D16: Mo17 0 h | E16: Mo17 6 h | F16: 0.928736 | G16: 10.3829 | H16: 3.48279
... A551: GRMZM2G122038 | B551: NA | C551: coatomer subunit beta -3 | D551: Mo17 0 h | E551: Mo17 6 h | F551: 0.508189 | G551: 1.01712 | H551: 1.00106
A552: GRMZM2G380789 | B552: GO:0016021 | C552: heptahelical protein 4 | D552: Mo17 0 h | E552: Mo17 6 h | F552: 0 | G552: 0.772956 | H552: BD
A553: GRMZM2G004106 | B553: GO:0005507GO:0009055 | C553: chemocyanin precursor | D553: Mo17 0 h | E553: Mo17 6 h | F553: 0 | G553: 2.86138 | H553: BD
A554: AC190841.2_FG007 | B554: NA | C554: NA | D554: Mo17 0 h | E554: Mo17 6 h | F554: 0 | G554: 1.41369 | H554: BD
A555: GRMZM2G108847 | B555: GO:0004867 | C555: serine-type endopeptidase inhibitor | D555: Mo17 0 h | E555: Mo17 6 h | F555: 0 | G555: 2.39929 | H555: BD
A556: AC214635.3_FG006 | B556: NA | C556: NA | D556: Mo17 0 h | E556: Mo17 6 h | F556: 0 | G556: 3.48094 | H556: BD
A557: AC187896.3_FG006 | B557: NA | C557: NA | D557: Mo17 0 h | E557: Mo17 6 h | F557: 0 | G557: 1.87524 | H557: BD
A558: GRMZM2G454514 | B558: GO:0050825GO:0042309GO:0050826 | C558: hypothetical protein SORBIDRAFT_09g029320 | D558: Mo17 0 h | E558: Mo17 6 h | F558: 0 | G558: 0.898918 | H558: BD
A559: AC196726.2_FG001 | B559: NA | C559: NA | D559: Mo17 0 h | E559: Mo17 6 h | F559: 0 | G559: 1.50499 | H559: BD

Sheet up-regulated in Mo17 24 h
A1: Table S3. Differentially expressed genes in response to R. padi feeding in B73 and Mo17
A2: Genes up- and down-regulated by R. padi treatment in B73 and Mo17.
A3: Mo17 0 h:No aphid treatment on Mo17, Mo17 24 h: Aphid treatment Mo17 for 24 h; NA：no annotation.BD: numerator or denominator is below of detection
A4: Gene ID | B4: GO term | C4: Description | D4: sample_1 | E4: sample_2 | F4: value_1 | G4: value_2 | H4: log2(fold_change)
A5: GRMZM2G337594 | B5: NA | C5: hypothetical protein | D5: Mo17 0 h | E5: Mo17 24 h | F5: 0.568599 | G5: 5.8463 | H5: 3.36204
A6: GRMZM2G133988 | B6: GO:0008152 | C6: 3-isopropylmalate dehydratase-like | D6: Mo17 0 h | E6: Mo17 24 h | F6: 1.19113 | G6: 9.25129 | H6: 2.95732
A7: GRMZM2G010044 | B7: GO:0008652GO:0016836GO:0051539 | C7: 3-isopropylmalate dehydratase | D7: Mo17 0 h | E7: Mo17 24 h | F7: 6.3386 | G7: 46.3323 | H7: 2.86978
A8: GRMZM2G135385 | B8: GO:0020037 | C8: cytochrome b5 | D8: Mo17 0 h | E8: Mo17 24 h | F8: 0.396047 | G8: 2.83019 | H8: 2.83716
A9: GRMZM2G063880 | B9: GO:0003700GO:0043565GO:0005634GO:0045449 | C9: wrky transcription factor | D9: Mo17 0 h | E9: Mo17 24 h | F9: 0.210979 | G9: 1.38169 | H9: 2.71126
A10: GRMZM2G065585 | B10: GO:0016020GO:0005975GO:0004553 | C10: beta glucanase | D10: Mo17 0 h | E10: Mo17 24 h | F10: 4.20212 | G10: 26.6938 | H10: 2.66732
A11: H4C7 | B11: NA | C11: NA | D11: Mo17 0 h | E11: Mo17 24 h | F11: 19.5368 | G11: 115.267 | H11: 2.56071
A12: GRMZM2G117706 | B12: GO:0020037GO:0005576GO:0004601GO:0006979GO:0009055 | C12: bacterial-induced peroxidase precursor | D12: Mo17 0 h | E12: Mo17 24 h | F12: 0.404387 | G12: 2.37624 | H12: 2.55487
A13: GRMZM2G468111 | B13: NA | C13: uncharacterized protein LOC100277849 | D13: Mo17 0 h | E13: Mo17 24 h | F13: 1.70723 | G13: 9.90091 | H13: 2.5359
A14: GRMZM2G046615 | B14: GO:0016829GO:0000287GO:0008152 | C14: terpene synthase 2 | D14: Mo17 0 h | E14: Mo17 24 h | F14: 1.46049 | G14: 7.87792 | H14: 2.43136
A15: GRMZM2G064406 | B15: GO:0016829GO:0000287GO:0008152 | C15: terpene synthase 2 | D15: Mo17 0 h | E15: Mo17 24 h | F15: 0.309078 | G15: 1.66597 | H15: 2.43032
A16: GRMZM2G071277 | B16: GO:0008270GO:0005515GO:0009055 | C16: ring zinc finger | D16: Mo17 0 h | E16: Mo17 24 h | F16: 0.20066 | G16: 1.07697 | H16: 2.42416
... A76: GRMZM2G119975 | B76: NA | C76: heavy-metal-associated domain-containing protein | D76: Mo17 0 h | E76: Mo17 24 h | F76: 5.50973 | G76: 15.5334 | H76: 1.49532
A77: GRMZM2G127336 | B77: GO:0016829GO:0000287GO:0008152 | C77: #NAME? | D77: Mo17 0 h | E77: Mo17 24 h | F77: 0.500957 | G77: 1.38585 | H77: 1.46801
A78: GRMZM2G010321 | B78: GO:0005960GO:0006546 | C78: glycine decarboxylase complex h-protein | D78: Mo17 0 h | E78: Mo17 24 h | F78: 1.29216 | G78: 3.57035 | H78: 1.46628
A79: GRMZM2G436448 | B79: GO:0004674GO:0006468GO:0004713GO:0005524 | C79: rust resistance kinase lr10 | D79: Mo17 0 h | E79: Mo17 24 h | F79: 2.64149 | G79: 7.29302 | H79: 1.46517
A80: GRMZM2G088819 | B80: GO:0005509 | C80: calcium-binding protein cml42 | D80: Mo17 0 h | E80: Mo17 24 h | F80: 2.07739 | G80: 5.70481 | H80: 1.4574
A81: GRMZM2G001426 | B81: NA | C81: della protein | D81: Mo17 0 h | E81: Mo17 24 h | F81: 0.302088 | G81: 0.828479 | H81: 1.4555
A82: GRMZM5G839644 | B82: NA | C82: protein kinase xa21 | D82: Mo17 0 h | E82: Mo17 24 h | F82: 0.390666 | G82: 1.06982 | H82: 1.45336
A83: GRMZM2G431288 | B83: GO:0004497GO:0020037GO:0009055 | C83: elicitor-inducible cytochrome p450 | D83: Mo17 0 h | E83: Mo17 24 h | F83: 3.39158 | G83: 9.25755 | H83: 1.44867
A84: GRMZM2G126062 | B84: GO:0055114GO:0016491 | C84: aldose reductase | D84: Mo17 0 h | E84: Mo17 24 h | F84: 0.813499 | G84: 2.21771 | H84: 1.44686
A85: GRMZM2G072808 | B85: GO:0048046GO:0005507GO:0046274GO:0008471GO:0055114 | C85: l-ascorbate oxidase precursor | D85: Mo17 0 h | E85: Mo17 24 h | F85: 2.17193 | G85: 5.92083 | H85: 1.44682
A86: GRMZM2G466044 | B86: GO:0003700GO:0006355GO:0050825GO:0042309GO:0050826 | C86: ap2-related transcription factor | D86: Mo17 0 h | E86: Mo17 24 h | F86: 1.97216 | G86: 5.37528 | H86: 1.44656
A87: YS1 | B87: NA | C87: NA | D87: Mo17 0 h | E87: Mo17 24 h | F87: 1.20398 | G87: 3.26974 | H87: 1.44136
A88: GRMZM2G020054 | B88: GO:0003700GO:0006355 | C88: ethylene-responsive transcription factor 4 | D88: Mo17 0 h | E88: Mo17 24 h | F88: 0.725604 | G88: 1.94914 | H88: 1.42558
A89: GRMZM2G125850 | B89: GO:0005215GO:0016021GO:0006810GO:0050825GO:0042309GO:0050826 | C89: glucose-6-phosphate translocator | D89: Mo17 0 h | E89: Mo17 24 h | F89: 1.15072 | G89: 3.05165 | H89: 1.40705
... A214: GRMZM2G145374 | B214: GO:0008270GO:0005515 | C214: ring u-box domain-containing protein | D214: Mo17 0 h | E214: Mo17 24 h | F214: 0.526619 | G214: 1.05491 | H214: 1.00228
A215: GRMZM2G108847 | B215: GO:0004867 | C215: serine-type endopeptidase inhibitor | D215: Mo17 0 h | E215: Mo17 24 h | F215: 0 | G215: 2.09213 | H215: BD
A216: AC214635.3_FG006 | B216: NA | C216: NA | D216: Mo17 0 h | E216: Mo17 24 h | F216: 0 | G216: 3.45485 | H216: BD
A217: AC203048.3_FG001 | B217: NA | C217: NA | D217: Mo17 0 h | E217: Mo17 24 h | F217: 0 | G217: 1.5045 | H217: BD
A218: AC196726.2_FG001 | B218: NA | C218: NA | D218: Mo17 0 h | E218: Mo17 24 h | F218: 0 | G218: 1.30398 | H218: BD
A219: GRMZM5G813809 | B219: NA | C219: NA | D219: Mo17 0 h | E219: Mo17 24 h | F219: 0 | G219: 1.93781 | H219: BD

Sheet down-regulated in B73 6h
A1: Table S3. Differentially expressed genes in response to R. padi feeding in B73 and Mo17
A2: Genes up- and down-regulated by R. padi treatment in B73 and Mo17.
A3: B73 0 h:No aphid treatment on B73,B73 6 h: Aphid treatment B73 for 6 h; NA：no annotation.BD: numerator or denominator is below of detection
A4: gene | B4: GO term | C4: Description | D4: sample_1 | E4: sample_2 | F4: value_1 | G4: value_2 | H4: log2(fold_change)
A5: GRMZM2G305526 | B5: GO:0048046GO:0005507GO:0046274GO:0008471GO:0055114 | C5: lac10_orysj ame: full=laccase-10 ame: full=benzenediol:oxygen oxidoreductase 10 ame: full=diphenol oxidase 10 ame: full=urishiol oxidase 10 flags: precursor | D5: B73 0 h | E5: B73 6 h | F5: 2.85736 | G5: 0.173362 | H5: -4.04282
A6: GRMZM2G005633 | B6: GO:0016491GO:0004568GO:0006032GO:0008061GO:0016998 | C6: chitinase | D6: B73 0 h | E6: B73 6 h | F6: 2.37799 | G6: 0.211772 | H6: -3.48916
A7: GRMZM2G090245 | B7: NA | C7: adenosine diphosphate glucose pyrophosphatase | D7: B73 0 h | E7: B73 6 h | F7: 117.569 | G7: 14.2035 | H7: -3.04919
A8: GRMZM2G477063 | B8: NA | C8: unknown | D8: B73 0 h | E8: B73 6 h | F8: 1.48085 | G8: 0.190247 | H8: -2.96047
A9: GRMZM2G381441 | B9: GO:0003700GO:0006355 | C9: ethylene-responsive transcription factor | D9: B73 0 h | E9: B73 6 h | F9: 2.34788 | G9: 0.333399 | H9: -2.81603
A10: GRMZM2G100412 | B10: GO:0004497GO:0020037GO:0009055 | C10: cytochrome p450 87a3-like | D10: B73 0 h | E10: B73 6 h | F10: 7.99816 | G10: 1.15232 | H10: -2.79513
A11: GRMZM2G176347 | B11: GO:0050825GO:0042309GO:0050826 | C11: lipid binding protein precursor | D11: B73 0 h | E11: B73 6 h | F11: 1.79139 | G11: 0.274833 | H11: -2.70445
A12: GRMZM2G108597 | B12: NA | C12: amino acid transporter | D12: B73 0 h | E12: B73 6 h | F12: 0.924113 | G12: 0.144967 | H12: -2.67234
A13: TPS10 | B13: NA | C13: NA | D13: B73 0 h | E13: B73 6 h | F13: 3.17993 | G13: 0.509448 | H13: -2.64199
A14: GRMZM2G118172 | B14: GO:0050825GO:0042309GO:0050826 | C14: vq motif family protein | D14: B73 0 h | E14: B73 6 h | F14: 29.6285 | G14: 4.81047 | H14: -2.62274
A15: GRMZM2G095280 | B15: GO:0016758GO:0008152 | C15: indole-3-acetate beta-glucosyltransferase | D15: B73 0 h | E15: B73 6 h | F15: 7.73624 | G15: 1.27054 | H15: -2.60619
A16: GRMZM2G146913 | B16: GO:0005737GO:0004364GO:0008152 | C16: glutathione s-transferase gstu6 | D16: B73 0 h | E16: B73 6 h | F16: 2.69139 | G16: 0.443651 | H16: -2.60085
... A428: GRMZM2G161310 | B428: GO:0015904GO:0016021GO:0015520GO:0046677 | C428: probable peptide nitrate transporter at3g43790-like | D428: B73 0 h | E428: B73 6 h | F428: 22.781 | G428: 11.3866 | H428: -1.00049
A429: GRMZM2G336859 | B429: NA | C429: NA | D429: B73 0 h | E429: B73 6 h | F429: 0.881977 | G429: 0 | H429: BD
A430: GRMZM2G332423 | B430: GO:0005506GO:0016491 | C430: acc oxidase | D430: B73 0 h | E430: B73 6 h | F430: 0.915181 | G430: 0 | H430: BD
A431: GRMZM2G132880 | B431: NA | C431: terminal flower 1 | D431: B73 0 h | E431: B73 6 h | F431: 3.94234 | G431: 0 | H431: BD

Sheet down-regulated in B73 24 h
A1: Table S3. Differentially expressed genes in response to R. padi feeding in B73 and Mo17
A2: Genes up- and down-regulated by R. padi treatment in B73 and Mo17.
A3: B73 0 h:No aphid treatment on B73,B73 24 h: Aphid treatment B73 for 24 h; NA：no annotation.BD: numerator or denominator is below of detection
A4: gene | B4: GO term | C4: Description | D4: sample_1 | E4: sample_2 | F4: value_1 | G4: value_2 | H4: log2(fold_change)
A5: GRMZM2G074743 | B5: GO:0005740GO:0007585 | C5: alternative oxidase | D5: B73 0 h | E5: B73 24 h | F5: 3.66699 | G5: 0.146102 | H5: -4.64955
A6: GRMZM2G136372 | B6: NA | C6: pathogenesis-related protein 5 | D6: B73 0 h | E6: B73 24 h | F6: 17.7075 | G6: 0.848256 | H6: -4.38372
A7: GRMZM5G891656 | B7: NA | C7: NA | D7: B73 0 h | E7: B73 24 h | F7: 7.7644 | G7: 0.432826 | H7: -4.16502
A8: GRMZM2G170017 | B8: GO:0009239GO:0005488GO:0008667 | C8: salutaridine reductase-like | D8: B73 0 h | E8: B73 24 h | F8: 10.8784 | G8: 0.663776 | H8: -4.03463
A9: GRMZM2G015654 | B9: GO:0008107GO:0016020GO:0042546 | C9: xyloglucan fucosyltransferase | D9: B73 0 h | E9: B73 24 h | F9: 3.5211 | G9: 0.220612 | H9: -3.99644
A10: GRMZM2G123107 | B10: GO:0005975GO:0004553 | C10: beta- -glucanase | D10: B73 0 h | E10: B73 24 h | F10: 7.92693 | G10: 0.504511 | H10: -3.97381
A11: GRMZM2G100412 | B11: GO:0004497GO:0020037GO:0009055 | C11: cytochrome p450 87a3-like | D11: B73 0 h | E11: B73 24 h | F11: 7.99816 | G11: 0.511348 | H11: -3.96729
A12: GRMZM2G089506 | B12: GO:0006508GO:0004190 | C12: aspartic proteinase nepenthesin-2 precursor | D12: B73 0 h | E12: B73 24 h | F12: 5.67268 | G12: 0.368798 | H12: -3.94313
A13: GRMZM2G111711 | B13: GO:0003700GO:0043565GO:0005634GO:0045449 | C13: wrky transcription factor | D13: B73 0 h | E13: B73 24 h | F13: 1.00936 | G13: 0.0688431 | H13: -3.87399
A14: GRMZM2G334336 | B14: GO:0016758GO:0008152 | C14: indole-3-acetate beta-glucosyltransferase | D14: B73 0 h | E14: B73 24 h | F14: 2.0934 | G14: 0.172749 | H14: -3.5991
A15: GRMZM2G120016 | B15: GO:0016758GO:0008152 | C15: cis-zeatin o-glucosyltransferase | D15: B73 0 h | E15: B73 24 h | F15: 4.38362 | G15: 0.364589 | H15: -3.58778
A16: GRMZM2G468657 | B16: GO:0016021GO:0001619GO:0006835GO:0006508GO:0004190GO:0017153GO:0007186 | C16: aspartic proteinase nepenthesin-1 | D16: B73 0 h | E16: B73 24 h | F16: 1.09448 | G16: 0.100797 | H16: -3.44072
... A337: BX1 | B337: NA | C337: NA | D337: B73 0 h | E337: B73 24 h | F337: 114.264 | G337: 50.7075 | H337: -1.1721
A338: GRMZM2G390967 | B338: GO:0003824 | C338: #NAME? | D338: B73 0 h | E338: B73 24 h | F338: 8.18503 | G338: 3.6346 | H338: -1.17119
A339: GRMZM2G153920 | B339: GO:0022891GO:0016021GO:0055085 | C339: sorbitol transporter | D339: B73 0 h | E339: B73 24 h | F339: 12.1009 | G339: 5.37367 | H339: -1.17114
A340: GRMZM2G003506 | B340: NA | C340: membrane protein | D340: B73 0 h | E340: B73 24 h | F340: 1.97347 | G340: 0.876516 | H340: -1.17088
A341: GRMZM2G001200 | B341: NA | C341: uncharacterized protein LOC100382872 | D341: B73 0 h | E341: B73 24 h | F341: 1.77135 | G341: 0.790354 | H341: -1.16428
A342: GRMZM2G110412 | B342: GO:0004674GO:0006468GO:0004713GO:0005524 | C342: serine threonine-protein kinase pbs1-like | D342: B73 0 h | E342: B73 24 h | F342: 1.90125 | G342: 0.848495 | H342: -1.16397
A343: GRMZM2G074759 | B343: GO:0003824GO:0008152 | C343: amp dependent | D343: B73 0 h | E343: B73 24 h | F343: 14.0271 | G343: 6.26291 | H343: -1.16331
A344: GRMZM2G058491 | B344: NA | C344: atp binding | D344: B73 0 h | E344: B73 24 h | F344: 11.4526 | G344: 5.11722 | H344: -1.16224
A345: GRMZM2G005849 | B345: GO:0005737GO:0004360GO:0005529GO:0016051 | C345: glucosamine-fructose-6-phosphate aminotransferase | D345: B73 0 h | E345: B73 24 h | F345: 26.4116 | G345: 11.8028 | H345: -1.16204
A346: AC177924.2_FG003 | B346: NA | C346: NA | D346: B73 0 h | E346: B73 24 h | F346: 127.738 | G346: 57.2248 | H346: -1.15847
A347: GRMZM5G849600 | B347: NA | C347: transcription factor bhlh041-like | D347: B73 0 h | E347: B73 24 h | F347: 2.45273 | G347: 1.10034 | H347: -1.15643
A348: GRMZM2G131099 | B348: NA | C348: uncharacterized protein LOC100275282 | D348: B73 0 h | E348: B73 24 h | F348: 36.7623 | G348: 16.5682 | H348: -1.14981
A349: GRMZM2G100372 | B349: NA | C349: uncharacterized protein LOC100191911 | D349: B73 0 h | E349: B73 24 h | F349: 1.87041 | G349: 0.84446 | H349: -1.14726
A350: GRMZM2G159587 | B350: GO:0005737GO:0051287GO:0006520GO:0016616GO:0005525 | C350: glyoxylate reductase | D350: B73 0 h | E350: B73 24 h | F350: 8.85601 | G350: 3.99925 | H350: -1.14693
... A463: GRMZM2G094543 | B463: GO:0050825GO:0042309GO:0050826 | C463: uncharacterized protein LOC100274993 precursor | D463: B73 0 h | E463: B73 24 h | F463: 10.2535 | G463: 5.12531 | H463: -1.00041
A464: AC233910.1_FG003 | B464: GO:0003735GO:0006412GO:0006464GO:0005840 | C464: NA | D464: B73 0 h | E464: B73 24 h | F464: 0.77188 | G464: 0 | H464: BD
A465: GRMZM2G051135 | B465: GO:0003677 | C465: ethylene-responsive transciptional coactivator-like protein | D465: B73 0 h | E465: B73 24 h | F465: 0.891193 | G465: 0 | H465: BD
A466: GRMZM6G186438 | B466: NA | C466: NA | D466: B73 0 h | E466: B73 24 h | F466: 0.834744 | G466: 0 | H466: BD

Sheet down-regulated in Mo17 6 h
A1: Table S3. Differentially expressed genes in response to R. padi feeding in B73 and Mo17
A2: Genes up- and down-regulated by R. padi treatment in B73 and Mo17.
A3: Mo17 0 h:No aphid treatment on Mo17, Mo17 6 h: Aphid treatment Mo17 for 6 h; NA：no annotation.BD: numerator or denominator is below of detection
A4: gene | B4: GO term | C4: Description | D4: sample_1 | E4: sample_2 | F4: value_1 | G4: value_2 | H4: log2(fold_change)
A5: GRMZM2G024993 | B5: GO:0009250GO:0009011 | C5: granule bound starch synthase | D5: Mo17 0 h | E5: Mo17 6 h | F5: 1.30937 | G5: 0.0459984 | H5: -4.83115
A6: GRMZM2G004699 | B6: GO:0005618GO:0048046GO:0016762GO:0006073GO:0004553 | C6: xyloglucan endotransglucosylase hydrolase protein a | D6: Mo17 0 h | E6: Mo17 6 h | F6: 6.21685 | G6: 0.599071 | H6: -3.37539
A7: GRMZM2G168651 | B7: GO:0005576GO:0005199 | C7: NA | D7: Mo17 0 h | E7: Mo17 6 h | F7: 8.94415 | G7: 1.00299 | H7: -3.15663
A8: GRMZM2G132880 | B8: NA | C8: terminal flower 1 | D8: Mo17 0 h | E8: Mo17 6 h | F8: 3.42302 | G8: 0.399989 | H8: -3.09724
A9: GRMZM2G137535 | B9: GO:0005975GO:0004553 | C9: lichenase-2 precursor | D9: Mo17 0 h | E9: Mo17 6 h | F9: 147.085 | G9: 18.71 | H9: -2.97477
A10: GRMZM2G330012 | B10: NA | C10: saur family protein | D10: Mo17 0 h | E10: Mo17 6 h | F10: 1.98212 | G10: 0.26242 | H10: -2.9171
A11: GRMZM2G090245 | B11: NA | C11: adenosine diphosphate glucose pyrophosphatase | D11: Mo17 0 h | E11: Mo17 6 h | F11: 5.67941 | G11: 0.78089 | H11: -2.86255
A12: GRMZM2G421256 | B12: GO:0003677 | C12: late elongated hypocoty | D12: Mo17 0 h | E12: Mo17 6 h | F12: 1.32748 | G12: 0.184903 | H12: -2.84385
A13: GRMZM2G181030 | B13: GO:0003677 | C13: late elongated hypocoty | D13: Mo17 0 h | E13: Mo17 6 h | F13: 3.91225 | G13: 0.601397 | H13: -2.70161
A14: GRMZM2G166944 | B14: GO:0005618GO:0048046GO:0016762GO:0006073GO:0004553 | C14: xyloglucan endotransglycosylase | D14: Mo17 0 h | E14: Mo17 6 h | F14: 14.3237 | G14: 2.3126 | H14: -2.63082
A15: GRMZM2G052908 | B15: NA | C15: transcription factor jumonji domain-containing protein | D15: Mo17 0 h | E15: Mo17 6 h | F15: 2.40478 | G15: 0.390866 | H15: -2.62116
A16: GRMZM2G164781 | B16: NA | C16: unknown | D16: Mo17 0 h | E16: Mo17 6 h | F16: 1.13945 | G16: 0.197989 | H16: -2.52484
... A255: GRMZM2G122447 | B255: NA | C255: vq motif family protein | D255: Mo17 0 h | E255: Mo17 6 h | F255: 6.21767 | G255: 3.00668 | H255: -1.0482
A256: GRMZM2G033236 | B256: NA | C256: 0 | D256: Mo17 0 h | E256: Mo17 6 h | F256: 121.642 | G256: 58.9283 | H256: -1.04561
A257: GRMZM2G010962 | B257: GO:0005529GO:0048544 | C257: g-type lectin s-receptor-like serine threonine-protein kinase b120-like | D257: Mo17 0 h | E257: Mo17 6 h | F257: 1.32187 | G257: 0.64091 | H257: -1.04439
A258: GRMZM2G085924 | B258: GO:0046983GO:0008171 | C258: o-methyltransferase family expressed | D258: Mo17 0 h | E258: Mo17 6 h | F258: 82.5821 | G258: 40.0557 | H258: -1.04382
A259: GRMZM5G858471 | B259: NA | C259: leucyl-trna synthetase | D259: Mo17 0 h | E259: Mo17 6 h | F259: 9.21543 | G259: 4.47179 | H259: -1.0432
A260: GRMZM2G082191 | B260: GO:0006468GO:0004674GO:0009058GO:0004713GO:0005515GO:0005524GO:0030170 | C260: leucine-rich repeat receptor-like protein kinase | D260: Mo17 0 h | E260: Mo17 6 h | F260: 1.77815 | G260: 0.863587 | H260: -1.04196
A261: GRMZM2G136765 | B261: GO:0003824 | C261: protein phosphatase 2c | D261: Mo17 0 h | E261: Mo17 6 h | F261: 6.59769 | G261: 3.20865 | H261: -1.03999
A262: GRMZM6G577189 | B262: NA | C262: NA | D262: Mo17 0 h | E262: Mo17 6 h | F262: 115.628 | G262: 56.3179 | H262: -1.03783
A263: GRMZM2G162007 | B263: GO:0008270GO:0055114GO:0016491 | C263: quinone oxidoreductase | D263: Mo17 0 h | E263: Mo17 6 h | F263: 1.39287 | G263: 0.678563 | H263: -1.03751
A264: GRMZM2G455978 | B264: GO:0007155GO:0015629GO:0005198 | C264: protein | D264: Mo17 0 h | E264: Mo17 6 h | F264: 1.13594 | G264: 0.553466 | H264: -1.03732
A265: GRMZM2G419166 | B265: NA | C265: NA | D265: Mo17 0 h | E265: Mo17 6 h | F265: 2.05777 | G265: 1.00316 | H265: -1.03653
A266: GRMZM2G144956 | B266: NA | C266: NA | D266: Mo17 0 h | E266: Mo17 6 h | F266: 25.1867 | G266: 12.2809 | H266: -1.03625
A267: GRMZM2G122848 | B267: GO:0008270GO:0005515 | C267: zinc finger | D267: Mo17 0 h | E267: Mo17 6 h | F267: 2.37244 | G267: 1.15924 | H267: -1.03319
A268: GRMZM2G136580 | B268: GO:0016757 | C268: symbiosis-related protein | D268: Mo17 0 h | E268: Mo17 6 h | F268: 12.4674 | G268: 6.09701 | H268: -1.03198
... A300: GRMZM2G106092 | B300: NA | C300: NA | D300: Mo17 0 h | E300: Mo17 6 h | F300: 4.03069 | G300: 2.01524 | H300: -1.00007
A301: H4C7 | B301: NA | C301: NA | D301: Mo17 0 h | E301: Mo17 6 h | F301: 1.73035 | G301: 0 | H301: BD
A302: GRMZM2G104339 | B302: NA | C302: hypothetical protein SORBIDRAFT_02g028480 | D302: Mo17 0 h | E302: Mo17 6 h | F302: 0.84472 | G302: 0 | H302: BD

Sheet down-regulated in Mo17 24 h
A1: Table S3. Differentially expressed genes in response to R. padi feeding in B73 and Mo17
A2: Genes up- and down-regulated by R. padi treatment in B73 and Mo17.
A3: Mo17 0 h:No aphid treatment on Mo17, Mo17 24 h: Aphid treatment Mo17 for 24 h; NA：no annotation.BD: numerator or denominator is below of detection
A4: gene | B4: GO term | C4: Description | D4: sample_1 | E4: sample_2 | F4: value_1 | G4: value_2 | H4: log2(fold_change)
A5: GRMZM2G155873 | B5: NA | C5: NA | D5: Mo17 0 h | E5: Mo17 24 h | F5: 1.12667 | G5: 0.147907 | H5: -2.92931
A6: GRMZM2G137535 | B6: GO:0005975GO:0004553 | C6: lichenase-2 precursor | D6: Mo17 0 h | E6: Mo17 24 h | F6: 147.085 | G6: 35.3349 | H6: -2.05748
A7: GRMZM2G106303 | B7: GO:0010181GO:0016491 | C7: 12-oxophytodienoic acid reductase | D7: Mo17 0 h | E7: Mo17 24 h | F7: 1.25452 | G7: 0.307833 | H7: -2.02692
A8: GRMZM2G399921 | B8: GO:0050825GO:0042309GO:0050826 | C8: NA | D8: Mo17 0 h | E8: Mo17 24 h | F8: 1.78399 | G8: 0.444223 | H8: -2.00575
A9: GRMZM2G050286 | B9: NA | C9: agp16 precursor | D9: Mo17 0 h | E9: Mo17 24 h | F9: 2.92105 | G9: 0.838887 | H9: -1.79994
A10: GRMZM2G140032 | B10: GO:0004969GO:0016021GO:0007186 | C10: uncharacterized protein LOC100383606 | D10: Mo17 0 h | E10: Mo17 24 h | F10: 8.72138 | G10: 2.54611 | H10: -1.77626
A11: GRMZM2G099522 | B11: GO:0003700GO:0006355GO:0005634GO:0043565 | C11: leafy hull sterile 1 | D11: Mo17 0 h | E11: Mo17 24 h | F11: 1.05522 | G11: 0.312597 | H11: -1.75518
A12: GRMZM2G374475 | B12: GO:0006629GO:0016788 | C12: anther-specific proline-rich protein apg precursor | D12: Mo17 0 h | E12: Mo17 24 h | F12: 1.83637 | G12: 0.547702 | H12: -1.74539
A13: GRMZM2G121753 | B13: GO:0003677 | C13: sant myb protein | D13: Mo17 0 h | E13: Mo17 24 h | F13: 3.66719 | G13: 1.09918 | H13: -1.73825
A14: GRMZM2G039383 | B14: NA | C14: nonspecific lipid-transfer protein precursor | D14: Mo17 0 h | E14: Mo17 24 h | F14: 7.43311 | G14: 2.28095 | H14: -1.70433
A15: GRMZM2G147840 | B15: GO:0050825GO:0042309GO:0050826 | C15: hypothetical protein SORBIDRAFT_03g003180 | D15: Mo17 0 h | E15: Mo17 24 h | F15: 2.85558 | G15: 0.948515 | H15: -1.59004
A16: GRMZM2G034404 | B16: GO:0016597GO:0008152 | C16: act domain-containing protein | D16: Mo17 0 h | E16: Mo17 24 h | F16: 3.67095 | G16: 1.257 | H16: -1.54617
... A88: GRMZM2G130055 | B88: GO:0050825GO:0042309GO:0050826 | C88: NA | D88: Mo17 0 h | E88: Mo17 24 h | F88: 3.26736 | G88: 1.63305 | H88: -1.00056
A89: AC199487.4_FG002 | B89: GO:0009611GO:0004867 | C89: NA | D89: Mo17 0 h | E89: Mo17 24 h | F89: 1.8738 | G89: 0 | H89: BD
A90: GRMZM5G871600 | B90: NA | C90: unknown | D90: Mo17 0 h | E90: Mo17 24 h | F90: 5.21302 | G90: 0 | H90: BD

Sheet B73 Mo17 6 h
A1: Table S3. Differentially expressed genes in response to R. padi feeding in B73 and Mo17
A2: B73 6 h unique | B2: log2(fold_change) | D2: B73 Mo17 common-shared | E2: B73 | F2: Mo17 | H2: Mo17 6 h unique
A3: GRMZM2G092813 | B3: =VLOOKUP($A3,[2]修饰!$A:$H,8,FALSE) -> 1.14393 | D3: GRMZM2G055698 | E3: =VLOOKUP($D3,[2]修饰!$A:$H,8,FALSE) -> -1.35054 | F3: =VLOOKUP($D3,[3]Sheet2!$A:$H,8,FALSE) -> -1.65835 | H3: GRMZM2G099454 | I3: =VLOOKUP($H3,[3]Sheet2!$A:$H,8,FALSE) -> 1.08074
A4: GRMZM2G132367 | B4: =VLOOKUP($A4,[2]修饰!$A:$H,8,FALSE) -> -1.04277 | D4: GRMZM2G030567 | E4: =VLOOKUP($D4,[2]修饰!$A:$H,8,FALSE) -> -1.43793 | F4: =VLOOKUP($D4,[3]Sheet2!$A:$H,8,FALSE) -> -1.05998 | H4: GRMZM2G417835 | I4: =VLOOKUP($H4,[3]Sheet2!$A:$H,8,FALSE) -> 2.77368
A5: GRMZM2G075712 | B5: =VLOOKUP($A5,[2]修饰!$A:$H,8,FALSE) -> -1.02879 | D5: GRMZM2G018579 | E5: =VLOOKUP($D5,[2]修饰!$A:$H,8,FALSE) -> -1.04583 | F5: =VLOOKUP($D5,[3]Sheet2!$A:$H,8,FALSE) -> -1.38196 | H5: GRMZM5G838098 | I5: =VLOOKUP($H5,[3]Sheet2!$A:$H,8,FALSE) -> 1.49033
A6: GRMZM2G331638 | B6: =VLOOKUP($A6,[2]修饰!$A:$H,8,FALSE) -> -1.85375 | D6: GRMZM2G318652 | E6: =VLOOKUP($D6,[2]修饰!$A:$H,8,FALSE) -> -1.23946 | F6: =VLOOKUP($D6,[3]Sheet2!$A:$H,8,FALSE) -> -1.01506 | H6: GRMZM5G815358 | I6: =VLOOKUP($H6,[3]Sheet2!$A:$H,8,FALSE) -> -1.27897
A7: GRMZM2G180452 | B7: =VLOOKUP($A7,[2]修饰!$A:$H,8,FALSE) -> -1.05159 | D7: GRMZM2G336824 | E7: =VLOOKUP($D7,[2]修饰!$A:$H,8,FALSE) -> -2.30636 | F7: =VLOOKUP($D7,[3]Sheet2!$A:$H,8,FALSE) -> -1.68389 | H7: GRMZM2G055101 | I7: =VLOOKUP($H7,[3]Sheet2!$A:$H,8,FALSE) -> -1.06425
A8: GRMZM2G001079 | B8: =VLOOKUP($A8,[2]修饰!$A:$H,8,FALSE) -> -1.00852 | D8: GRMZM2G025190 | E8: =VLOOKUP($D8,[2]修饰!$A:$H,8,FALSE) -> 1.80271 | F8: =VLOOKUP($D8,[3]Sheet2!$A:$H,8,FALSE) -> 1.12209 | H8: GRMZM2G013430 | I8: =VLOOKUP($H8,[3]Sheet2!$A:$H,8,FALSE) -> 1.06661
A9: AC208201.3_FG003 | B9: =VLOOKUP($A9,[2]修饰!$A:$H,8,FALSE) -> -1.84622 | D9: GRMZM2G428216 | E9: =VLOOKUP($D9,[2]修饰!$A:$H,8,FALSE) -> -1.00253 | F9: =VLOOKUP($D9,[3]Sheet2!$A:$H,8,FALSE) -> -1.4237 | H9: GRMZM2G155242 | I9: =VLOOKUP($H9,[3]Sheet2!$A:$H,8,FALSE) -> 1.2726
A10: GRMZM2G112538 | B10: =VLOOKUP($A10,[2]修饰!$A:$H,8,FALSE) -> 1.07263 | D10: GRMZM2G037265 | E10: =VLOOKUP($D10,[2]修饰!$A:$H,8,FALSE) -> -1.22417 | F10: =VLOOKUP($D10,[3]Sheet2!$A:$H,8,FALSE) -> -1.05868 | H10: GRMZM2G012758 | I10: =VLOOKUP($H10,[3]Sheet2!$A:$H,8,FALSE) -> 1.06455
A11: GRMZM2G107597 | B11: =VLOOKUP($A11,[2]修饰!$A:$H,8,FALSE) -> -1.09593 | D11: GRMZM2G050177 | E11: =VLOOKUP($D11,[2]修饰!$A:$H,8,FALSE) -> -1.15518 | F11: =VLOOKUP($D11,[3]Sheet2!$A:$H,8,FALSE) -> -1.10687 | H11: GRMZM2G149647 | I11: =VLOOKUP($H11,[3]Sheet2!$A:$H,8,FALSE) -> 1.60209
A12: GRMZM2G038153 | B12: =VLOOKUP($A12,[2]修饰!$A:$H,8,FALSE) -> 1.55366 | D12: GRMZM2G309731 | E12: =VLOOKUP($D12,[2]修饰!$A:$H,8,FALSE) -> -1.15369 | F12: =VLOOKUP($D12,[3]Sheet2!$A:$H,8,FALSE) -> -1.36798 | H12: RPS20 | I12: =VLOOKUP($H12,[3]Sheet2!$A:$H,8,FALSE) -> 1.03609
A13: GRMZM2G442387 | B13: =VLOOKUP($A13,[2]修饰!$A:$H,8,FALSE) -> -1.01251 | D13: GRMZM2G162505 | E13: =VLOOKUP($D13,[2]修饰!$A:$H,8,FALSE) -> 2.11153 | F13: =VLOOKUP($D13,[3]Sheet2!$A:$H,8,FALSE) -> 4.13595 | H13: GRMZM2G341309 | I13: =VLOOKUP($H13,[3]Sheet2!$A:$H,8,FALSE) -> 1.87857
A14: GRMZM2G311036 | B14: =VLOOKUP($A14,[2]修饰!$A:$H,8,FALSE) -> -2.32913 | D14: GRMZM2G090043 | E14: =VLOOKUP($D14,[2]修饰!$A:$H,8,FALSE) -> 2.63884 | F14: =VLOOKUP($D14,[3]Sheet2!$A:$H,8,FALSE) -> 1.47957 | H14: GRMZM2G703561 | I14: =VLOOKUP($H14,[3]Sheet2!$A:$H,8,FALSE) -> -1.98438
... A164: GRMZM2G138190 | B164: =VLOOKUP($A164,[2]修饰!$A:$H,8,FALSE) -> 1.05525 | D164: GRMZM2G031637 | E164: =VLOOKUP($D164,[2]修饰!$A:$H,8,FALSE) -> -1.02964 | F164: =VLOOKUP($D164,[3]Sheet2!$A:$H,8,FALSE) -> -1.20202 | H164: GRMZM2G441347 | I164: =VLOOKUP($H164,[3]Sheet2!$A:$H,8,FALSE) -> 1.80863
A165: GRMZM2G147268 | B165: =VLOOKUP($A165,[2]修饰!$A:$H,8,FALSE) -> 1.3975 | H165: GRMZM2G003775 | I165: =VLOOKUP($H165,[3]Sheet2!$A:$H,8,FALSE) -> 1.27273
A166: GRMZM2G051952 | B166: =VLOOKUP($A166,[2]修饰!$A:$H,8,FALSE) -> 1.57644 | H166: GRMZM2G111975 | I166: =VLOOKUP($H166,[3]Sheet2!$A:$H,8,FALSE) -> 1.19087
A167: GRMZM2G437912 | B167: =VLOOKUP($A167,[2]修饰!$A:$H,8,FALSE) -> -1.04091 | H167: GRMZM2G018756 | I167: =VLOOKUP($H167,[3]Sheet2!$A:$H,8,FALSE) -> 1.09753
A168: GRMZM2G479546 | B168: =VLOOKUP($A168,[2]修饰!$A:$H,8,FALSE) -> 1.02766 | H168: GRMZM2G082191 | I168: =VLOOKUP($H168,[3]Sheet2!$A:$H,8,FALSE) -> -1.04196
A169: GRMZM2G097802 | B169: =VLOOKUP($A169,[2]修饰!$A:$H,8,FALSE) -> 1.08981 | H169: LIP | I169: =VLOOKUP($H169,[3]Sheet2!$A:$H,8,FALSE) -> -1.00053
A170: GRMZM2G041493 | B170: =VLOOKUP($A170,[2]修饰!$A:$H,8,FALSE) -> -1.64659 | H170: GRMZM2G119975 | I170: =VLOOKUP($H170,[3]Sheet2!$A:$H,8,FALSE) -> 2.23761
A171: GRMZM2G703156 | B171: =VLOOKUP($A171,[2]修饰!$A:$H,8,FALSE) -> BD | H171: GRMZM2G408598 | I171: =VLOOKUP($H171,[3]Sheet2!$A:$H,8,FALSE) -> 1.13779
A172: GRMZM2G143403 | B172: =VLOOKUP($A172,[2]修饰!$A:$H,8,FALSE) -> 2.41681 | H172: GRMZM2G430362 | I172: =VLOOKUP($H172,[3]Sheet2!$A:$H,8,FALSE) -> 1.02561
A173: GRMZM2G460138 | B173: =VLOOKUP($A173,[2]修饰!$A:$H,8,FALSE) -> -1.05714 | H173: GRMZM2G071704 | I173: =VLOOKUP($H173,[3]Sheet2!$A:$H,8,FALSE) -> 1.60832
A174: GRMZM2G164440 | B174: =VLOOKUP($A174,[2]修饰!$A:$H,8,FALSE) -> 1.21496 | H174: GRMZM2G157822 | I174: =VLOOKUP($H174,[3]Sheet2!$A:$H,8,FALSE) -> -1.26142
A175: GRMZM2G333095 | B175: =VLOOKUP($A175,[2]修饰!$A:$H,8,FALSE) -> -1.08284 | H175: GRMZM2G091124 | I175: =VLOOKUP($H175,[3]Sheet2!$A:$H,8,FALSE) -> 1.03104
A176: GRMZM2G136042 | B176: =VLOOKUP($A176,[2]修饰!$A:$H,8,FALSE) -> 1.16454 | H176: GRMZM2G134235 | I176: =VLOOKUP($H176,[3]Sheet2!$A:$H,8,FALSE) -> -1.56771
... A585: GRMZM2G007025 | B585: =VLOOKUP($A585,[2]修饰!$A:$H,8,FALSE) -> -1.3279 | H585: GRMZM2G056743 | I585: =VLOOKUP($H585,[3]Sheet2!$A:$H,8,FALSE) -> -1.38147
H586: GRMZM2G009103 | I586: =VLOOKUP($H586,[3]Sheet2!$A:$H,8,FALSE) -> 1.47821
H587: GRMZM2G431018 | I587: =VLOOKUP($H587,[3]Sheet2!$A:$H,8,FALSE) -> 1.08721
H588: GRMZM2G443843 | I588: =VLOOKUP($H588,[3]Sheet2!$A:$H,8,FALSE) -> 1.2371
H589: GRMZM2G374971 | I589: =VLOOKUP($H589,[3]Sheet2!$A:$H,8,FALSE) -> 1.34537
H590: GRMZM2G181219 | I590: =VLOOKUP($H590,[3]Sheet2!$A:$H,8,FALSE) -> -1.09517
H591: GRMZM2G119705 | I591: =VLOOKUP($H591,[3]Sheet2!$A:$H,8,FALSE) -> 1.02129
H592: GRMZM2G049882 | I592: =VLOOKUP($H592,[3]Sheet2!$A:$H,8,FALSE) -> 1.24081
H593: GRMZM2G050501 | I593: =VLOOKUP($H593,[3]Sheet2!$A:$H,8,FALSE) -> 1.01724
H594: GRMZM2G147716 | I594: =VLOOKUP($H594,[3]Sheet2!$A:$H,8,FALSE) -> 1.47089
H595: GRMZM2G056407 | I595: =VLOOKUP($H595,[3]Sheet2!$A:$H,8,FALSE) -> 1.02645
H596: GRMZM2G114575 | I596: =VLOOKUP($H596,[3]Sheet2!$A:$H,8,FALSE) -> 1.50844
H597: GRMZM2G304121 | I597: =VLOOKUP($H597,[3]Sheet2!$A:$H,8,FALSE) -> 3.58539
... H693: GRMZM6G577189 | I693: =VLOOKUP($H693,[3]Sheet2!$A:$H,8,FALSE) -> -1.03783

Sheet B73 Mo17 24 h
A1: Table S3. Differentially expressed genes in response to R. padi feeding in B73 and Mo17
A2: B73 24 h unique (567) | B2: log2(fold_change) | D2: B73 Mo17 common-shared (80) | E2: B73 | F2: MO17 | H2: Mo17 24 h unique (221) | I2: log2(fold_change)
A3: GRMZM5G838098 | B3: =VLOOKUP($A3,[4]加注释!$A:$H,8,FALSE) -> -1.35915 | D3: GRMZM2G392863 | E3: =VLOOKUP($D3,[4]加注释!$A:$H,8,FALSE) -> 1.1343 | F3: =VLOOKUP($D3,[5]Sheet2!$A:$H,8,FALSE) -> 1.09577 | H3: GRMZM2G099454 | I3: =VLOOKUP($H3,[5]Sheet2!$A:$H,8,FALSE) -> 1.56031
A4: GRMZM2G024099 | B4: =VLOOKUP($A4,[4]加注释!$A:$H,8,FALSE) -> 1.42853 | D4: AC177946.2_FG004 | E4: =VLOOKUP($D4,[4]加注释!$A:$H,8,FALSE) -> 1.3089 | F4: =VLOOKUP($D4,[5]Sheet2!$A:$H,8,FALSE) -> -1.23101 | H4: GRMZM2G018579 | I4: =VLOOKUP($H4,[5]Sheet2!$A:$H,8,FALSE) -> 1.02408
A5: GRMZM2G013430 | B5: =VLOOKUP($A5,[4]加注释!$A:$H,8,FALSE) -> -1.06253 | D5: AC208201.3_FG003 | E5: =VLOOKUP($D5,[4]加注释!$A:$H,8,FALSE) -> -1.98895 | F5: =VLOOKUP($D5,[5]Sheet2!$A:$H,8,FALSE) -> 1.52455 | H5: GRMZM2G031790 | I5: =VLOOKUP($H5,[5]Sheet2!$A:$H,8,FALSE) -> -1.03628
A6: GRMZM2G331638 | B6: =VLOOKUP($A6,[4]加注释!$A:$H,8,FALSE) -> -1.43371 | D6: GRMZM2G340286 | E6: =VLOOKUP($D6,[4]加注释!$A:$H,8,FALSE) -> 1.15175 | F6: =VLOOKUP($D6,[5]Sheet2!$A:$H,8,FALSE) -> -1.41743 | H6: GRMZM2G703561 | I6: =VLOOKUP($H6,[5]Sheet2!$A:$H,8,FALSE) -> -1.29249
A7: GRMZM2G116823 | B7: =VLOOKUP($A7,[4]加注释!$A:$H,8,FALSE) -> -1.62348 | D7: GRMZM2G475948 | E7: =VLOOKUP($D7,[4]加注释!$A:$H,8,FALSE) -> -1.26485 | F7: =VLOOKUP($D7,[5]Sheet2!$A:$H,8,FALSE) -> 1.11486 | H7: GRMZM2G093962 | I7: =VLOOKUP($H7,[5]Sheet2!$A:$H,8,FALSE) -> -1.13013
A8: GRMZM2G149647 | B8: =VLOOKUP($A8,[4]加注释!$A:$H,8,FALSE) -> -2.3888 | D8: GRMZM2G153920 | E8: =VLOOKUP($D8,[4]加注释!$A:$H,8,FALSE) -> -1.17114 | F8: =VLOOKUP($D8,[5]Sheet2!$A:$H,8,FALSE) -> 1.00429 | H8: GRMZM2G099467 | I8: =VLOOKUP($H8,[5]Sheet2!$A:$H,8,FALSE) -> 2.12729
A9: GRMZM2G112524 | B9: =VLOOKUP($A9,[4]加注释!$A:$H,8,FALSE) -> 1.20116 | D9: GRMZM2G402631 | E9: =VLOOKUP($D9,[4]加注释!$A:$H,8,FALSE) -> -1.53391 | F9: =VLOOKUP($D9,[5]Sheet2!$A:$H,8,FALSE) -> 1.24122 | H9: AC199487.4_FG002 | I9: =VLOOKUP($H9,[5]Sheet2!$A:$H,8,FALSE) -> #NAME?
A10: GRMZM2G318652 | B10: =VLOOKUP($A10,[4]加注释!$A:$H,8,FALSE) -> -1.23345 | D10: GRMZM5G893912 | E10: =VLOOKUP($D10,[4]加注释!$A:$H,8,FALSE) -> -2.22048 | F10: =VLOOKUP($D10,[5]Sheet2!$A:$H,8,FALSE) -> 1.65194 | H10: GRMZM2G037265 | I10: =VLOOKUP($H10,[5]Sheet2!$A:$H,8,FALSE) -> -1.03303
A11: GRMZM2G038153 | B11: =VLOOKUP($A11,[4]加注释!$A:$H,8,FALSE) -> 1.08104 | D11: GRMZM2G153208 | E11: =VLOOKUP($D11,[4]加注释!$A:$H,8,FALSE) -> -1.13969 | F11: =VLOOKUP($D11,[5]Sheet2!$A:$H,8,FALSE) -> 1.79788 | H11: GRMZM2G059129 | I11: =VLOOKUP($H11,[5]Sheet2!$A:$H,8,FALSE) -> 1.20157
A12: GRMZM2G046297 | B12: =VLOOKUP($A12,[4]加注释!$A:$H,8,FALSE) -> -1.39912 | D12: GRMZM2G397684 | E12: =VLOOKUP($D12,[4]加注释!$A:$H,8,FALSE) -> -1.95349 | F12: =VLOOKUP($D12,[5]Sheet2!$A:$H,8,FALSE) -> 1.09917 | H12: GRMZM2G141607 | I12: =VLOOKUP($H12,[5]Sheet2!$A:$H,8,FALSE) -> -1.04695
A13: GRMZM2G311036 | B13: =VLOOKUP($A13,[4]加注释!$A:$H,8,FALSE) -> -1.03246 | D13: GRMZM2G177340 | E13: =VLOOKUP($D13,[4]加注释!$A:$H,8,FALSE) -> -1.4353 | F13: =VLOOKUP($D13,[5]Sheet2!$A:$H,8,FALSE) -> 1.05598 | H13: GRMZM2G324999 | I13: =VLOOKUP($H13,[5]Sheet2!$A:$H,8,FALSE) -> 1.58046
A14: GRMZM2G179792 | B14: =VLOOKUP($A14,[4]加注释!$A:$H,8,FALSE) -> -2.3327 | D14: GRMZM2G018716 | E14: =VLOOKUP($D14,[4]加注释!$A:$H,8,FALSE) -> -1.34295 | F14: =VLOOKUP($D14,[5]Sheet2!$A:$H,8,FALSE) -> 1.09427 | H14: GRMZM2G130904 | I14: =VLOOKUP($H14,[5]Sheet2!$A:$H,8,FALSE) -> 1.73831
... A82: GRMZM2G429940 | B82: =VLOOKUP($A82,[4]加注释!$A:$H,8,FALSE) -> -1.01741 | D82: AC233955.1_FG008 | E82: =VLOOKUP($D82,[4]加注释!$A:$H,8,FALSE) -> -1.79318 | F82: =VLOOKUP($D82,[5]Sheet2!$A:$H,8,FALSE) -> 1.02049 | H82: GRMZM2G121753 | I82: =VLOOKUP($H82,[5]Sheet2!$A:$H,8,FALSE) -> -1.73825
A83: GRMZM2G161245 | B83: =VLOOKUP($A83,[4]加注释!$A:$H,8,FALSE) -> -1.84531 | H83: GRMZM2G034985 | I83: =VLOOKUP($H83,[5]Sheet2!$A:$H,8,FALSE) -> -1.03916
A84: GRMZM2G108949 | B84: =VLOOKUP($A84,[4]加注释!$A:$H,8,FALSE) -> -1.49638 | H84: GRMZM2G071307 | I84: =VLOOKUP($H84,[5]Sheet2!$A:$H,8,FALSE) -> -1.03917
A85: GRMZM5G891371 | B85: =VLOOKUP($A85,[4]加注释!$A:$H,8,FALSE) -> 5.37797 | H85: GRMZM2G308619 | I85: =VLOOKUP($H85,[5]Sheet2!$A:$H,8,FALSE) -> -1.29981
A86: GRMZM2G455817 | B86: =VLOOKUP($A86,[4]加注释!$A:$H,8,FALSE) -> -2.05881 | H86: GRMZM2G169951 | I86: =VLOOKUP($H86,[5]Sheet2!$A:$H,8,FALSE) -> 1.12495
A87: GRMZM2G366373 | B87: =VLOOKUP($A87,[4]加注释!$A:$H,8,FALSE) -> 1.02671 | H87: GRMZM2G126749 | I87: =VLOOKUP($H87,[5]Sheet2!$A:$H,8,FALSE) -> 1.23204
A88: GRMZM2G149024 | B88: =VLOOKUP($A88,[4]加注释!$A:$H,8,FALSE) -> -1.08489 | H88: GRMZM2G178875 | I88: =VLOOKUP($H88,[5]Sheet2!$A:$H,8,FALSE) -> 1.01923
A89: GRMZM2G118172 | B89: =VLOOKUP($A89,[4]加注释!$A:$H,8,FALSE) -> -2.54128 | H89: GRMZM2G065088 | I89: =VLOOKUP($H89,[5]Sheet2!$A:$H,8,FALSE) -> 2.06435
A90: GRMZM2G146108 | B90: =VLOOKUP($A90,[4]加注释!$A:$H,8,FALSE) -> -1.47474 | H90: GRMZM2G082199 | I90: =VLOOKUP($H90,[5]Sheet2!$A:$H,8,FALSE) -> 1.12148
A91: GRMZM2G341959 | B91: =VLOOKUP($A91,[4]加注释!$A:$H,8,FALSE) -> -2.30795 | H91: GRMZM2G092474 | I91: =VLOOKUP($H91,[5]Sheet2!$A:$H,8,FALSE) -> 1.14435
A92: GRMZM2G467893 | B92: =VLOOKUP($A92,[4]加注释!$A:$H,8,FALSE) -> -1.3966 | H92: GRMZM2G453805 | I92: =VLOOKUP($H92,[5]Sheet2!$A:$H,8,FALSE) -> 1.73872
A93: GRMZM2G026780 | B93: =VLOOKUP($A93,[4]加注释!$A:$H,8,FALSE) -> 1.56866 | H93: GRMZM2G006480 | I93: =VLOOKUP($H93,[5]Sheet2!$A:$H,8,FALSE) -> -1.30986
A94: GRMZM2G049349 | B94: =VLOOKUP($A94,[4]加注释!$A:$H,8,FALSE) -> -1.01988 | H94: GRMZM2G039630 | I94: =VLOOKUP($H94,[5]Sheet2!$A:$H,8,FALSE) -> 1.22958
... A223: GRMZM2G105368 | B223: =VLOOKUP($A223,[4]加注释!$A:$H,8,FALSE) -> 1.01406 | H223: GRMZM6G449101 | I223: =VLOOKUP($H223,[5]Sheet2!$A:$H,8,FALSE) -> 1.14776
A224: GRMZM2G110395 | B224: =VLOOKUP($A224,[4]加注释!$A:$H,8,FALSE) -> -1.50442
A225: GRMZM2G461566 | B225: =VLOOKUP($A225,[4]加注释!$A:$H,8,FALSE) -> 1.9749
A226: GRMZM2G311811 | B226: =VLOOKUP($A226,[4]加注释!$A:$H,8,FALSE) -> -1.24546
A227: GRMZM2G169562 | B227: =VLOOKUP($A227,[4]加注释!$A:$H,8,FALSE) -> -1.24389
A228: GRMZM2G324157 | B228: =VLOOKUP($A228,[4]加注释!$A:$H,8,FALSE) -> -1.28598
A229: GRMZM2G010925 | B229: =VLOOKUP($A229,[4]加注释!$A:$H,8,FALSE) -> -1.46132
A230: GRMZM2G366607 | B230: =VLOOKUP($A230,[4]加注释!$A:$H,8,FALSE) -> -2.37708
A231: GRMZM2G140107 | B231: =VLOOKUP($A231,[4]加注释!$A:$H,8,FALSE) -> 2.48626
A232: GRMZM2G312201 | B232: =VLOOKUP($A232,[4]加注释!$A:$H,8,FALSE) -> -1.06784
A233: GRMZM2G138074 | B233: =VLOOKUP($A233,[4]加注释!$A:$H,8,FALSE) -> -1.09629
A234: GRMZM2G159105 | B234: =VLOOKUP($A234,[4]加注释!$A:$H,8,FALSE) -> 1.05243
A235: GRMZM2G008726 | B235: =VLOOKUP($A235,[4]加注释!$A:$H,8,FALSE) -> -1.04757
... A569: GRMZM6G441368 | B569: =VLOOKUP($A569,[4]加注释!$A:$H,8,FALSE) -> -1.06597
